{"FN": 805.0, "FP": 24.0, "TN": 12567.0, "TP": 4073.0, "best-f1": 0.907627347844231, "best_valid_loss": -23.636104056221445, "latency": 125.35220381056583, "pot-FN": 20.0, "pot-FP": 6995.0, "pot-TN": 5596.0, "pot-TP": 4858.0, "pot-f1": 0.5807142951971764, "pot-latency": 5.690462641755614, "pot-precision": 0.40985404504357204, "pot-recall": 0.9958999569579747, "pot-threshold": -36.394798278808594, "precision": 0.9941420527358017, "pred_time": 0.3160915088653564, "pred_total_time": 110.79302453994751, "recall": 0.8349733480217849, "threshold": -225.0, "train_time": 5294.770398581028, "valid_time": 0.2961394452385642}