{"FN": 1132, "FP": 605, "TN": 65259, "TP": 6634, "best-f1": 0.8842335921548751, "best_valid_loss": -156.93216297604025, "latency": 77.62467656384766, "pot-FN": 1096, "pot-FP": 764, "pot-TN": 65100, "pot-TP": 6670, "pot-f1": 0.8776265802064362, "pot-latency": 72.11971152115392, "pot-precision": 0.8972289468694795, "pot-recall": 0.8588720050748494, "pot-threshold": 2.423543977016509, "precision": 0.9164249193031843, "pred_time": 0.30602845883418006, "pred_total_time": 451.4495515823364, "recall": 0.8542364140429611, "threshold": -40.0, "train_time": 1319.1304242610931, "valid_time": 0.3084512959266531}