{"FN": 0.0, "FP": 16184.0, "TN": 0.0, "TP": 997.0, "best-f1": 0.10969199865902025, "best_valid_loss": -110.90056169491821, "latency": 0.0, "pot-FN": 0.0, "pot-FP": 16184.0, "pot-TN": 0.0, "pot-TP": 997.0, "pot-f1": 0.10969199865902025, "pot-latency": 0.0, "pot-precision": 0.058029218288790395, "pot-recall": 0.9999999899699099, "pot-threshold": -175.0845489501953, "precision": 0.058029218288790395, "pred_time": 0.32311996678973354, "pred_total_time": 111.54403758049011, "recall": 0.9999999899699099, "threshold": -399.0, "train_time": 2193.0316712856293, "valid_time": 0.3255348098811819}