{"FN": 82.0, "FP": 78.0, "TN": 1557.0, "TP": 60.0, "best-f1": 0.4285663990379027, "best_valid_loss": -6.6583753795158565, "latency": 1.1249859376757791, "pot-FN": 82.0, "pot-FP": 92.0, "pot-TN": 1543.0, "pot-TP": 60.0, "pot-f1": 0.40815824338564943, "pot-latency": 1.1249859376757791, "pot-precision": 0.39473681613573575, "pot-recall": 0.4225351815116069, "pot-threshold": -20.926254772069274, "precision": 0.4347825771896683, "pred_time": 0.03967389133241442, "pred_total_time": 1.4348602294921875, "recall": 0.4225351815116069, "threshold": -23.0, "train_time": 9.364034509658813, "valid_time": 0.045132542690287436}