{"FN": 1132, "FP": 539, "TN": 65325, "TP": 6634, "best-f1": 0.8881401302196427, "best_valid_loss": -148.23763030204148, "latency": 83.4579855917267, "pot-FN": 1051, "pot-FP": 765, "pot-TN": 65099, "pot-TP": 6715, "pot-f1": 0.8808817906099988, "pot-latency": 72.23971104115584, "pot-precision": 0.8977272715271026, "pot-recall": 0.8646664938647096, "pot-threshold": 40.654754715396805, "precision": 0.9248571017358747, "pred_time": 0.31173896336345064, "pred_total_time": 459.8716354370117, "recall": 0.8542364140429611, "threshold": -102.0, "train_time": 1323.271743774414, "valid_time": 0.31167955722274454}