{"FN": 159.0, "FP": 940.0, "TN": 5583.0, "TP": 718.0, "best-f1": 0.566464898162183, "best_valid_loss": -89.32254095054968, "latency": 5.3076514796040035, "pot-FN": 47.0, "pot-FP": 2429.0, "pot-TN": 4094.0, "pot-TP": 830.0, "pot-f1": 0.4013506216828769, "pot-latency": 2.583322569489294, "pot-precision": 0.254679348712245, "pot-recall": 0.9464081990147298, "pot-threshold": -18.32444198622173, "precision": 0.43305186711066423, "pred_time": 0.36272453456311615, "pred_total_time": 53.81514024734497, "recall": 0.8187001046898505, "threshold": -171.0, "train_time": 3299.2790952682494, "valid_time": 1.1723151564138534}