nohup: ignoring input
/home/hz/anaconda3/envs/py36/lib/python3.6/site-packages/tfsnippet/utils/tfver.py:22: DeprecationWarning: Function 'semver.compare' is deprecated. Deprecated since version 2.10.0.  This function will be removed in semver 3. Use the respective 'semver.VersionInfo.compare' instead.
  compare_result = semver.compare(version, tf.__version__)
/home/hz/anaconda3/envs/py36/lib/python3.6/site-packages/tfsnippet/utils/tfver.py:22: DeprecationWarning: Function 'semver.compare' is deprecated. Deprecated since version 2.10.0.  This function will be removed in semver 3. Use the respective 'semver.VersionInfo.compare' instead.
  compare_result = semver.compare(version, tf.__version__)
/home/hz/anaconda3/envs/py36/lib/python3.6/site-packages/tensorflow/python/framework/tensor_util.py:542: DeprecationWarning: np.asscalar(a) is deprecated since NumPy v1.16, use a.item() instead
  append_fn(tensor_proto, proto_values)
/home/hz/anaconda3/envs/py36/lib/python3.6/site-packages/tensorflow/python/framework/tensor_util.py:542: DeprecationWarning: np.asscalar(a) is deprecated since NumPy v1.16, use a.item() instead
  append_fn(tensor_proto, proto_values)
/home/hz/anaconda3/envs/py36/lib/python3.6/site-packages/tensorflow/python/framework/tensor_util.py:542: DeprecationWarning: np.asscalar(a) is deprecated since NumPy v1.16, use a.item() instead
  append_fn(tensor_proto, proto_values)
/home/hz/anaconda3/envs/py36/lib/python3.6/site-packages/tensorflow/python/framework/tensor_util.py:542: DeprecationWarning: np.asscalar(a) is deprecated since NumPy v1.16, use a.item() instead
  append_fn(tensor_proto, proto_values)
/home/hz/anaconda3/envs/py36/lib/python3.6/site-packages/tensorflow/python/framework/tensor_util.py:542: DeprecationWarning: np.asscalar(a) is deprecated since NumPy v1.16, use a.item() instead
  append_fn(tensor_proto, proto_values)
/home/hz/anaconda3/envs/py36/lib/python3.6/site-packages/tensorflow/python/framework/tensor_util.py:542: DeprecationWarning: np.asscalar(a) is deprecated since NumPy v1.16, use a.item() instead
  append_fn(tensor_proto, proto_values)
/home/hz/anaconda3/envs/py36/lib/python3.6/site-packages/tensorflow/python/framework/tensor_util.py:542: DeprecationWarning: np.asscalar(a) is deprecated since NumPy v1.16, use a.item() instead
  append_fn(tensor_proto, proto_values)
/home/hz/anaconda3/envs/py36/lib/python3.6/site-packages/tensorflow/python/framework/tensor_util.py:542: DeprecationWarning: np.asscalar(a) is deprecated since NumPy v1.16, use a.item() instead
  append_fn(tensor_proto, proto_values)
/home/hz/anaconda3/envs/py36/lib/python3.6/site-packages/tensorflow/python/framework/tensor_util.py:542: DeprecationWarning: np.asscalar(a) is deprecated since NumPy v1.16, use a.item() instead
  append_fn(tensor_proto, proto_values)
/home/hz/anaconda3/envs/py36/lib/python3.6/site-packages/tensorflow/python/framework/tensor_util.py:542: DeprecationWarning: np.asscalar(a) is deprecated since NumPy v1.16, use a.item() instead
  append_fn(tensor_proto, proto_values)
/home/hz/anaconda3/envs/py36/lib/python3.6/site-packages/tensorflow/python/framework/tensor_util.py:542: DeprecationWarning: np.asscalar(a) is deprecated since NumPy v1.16, use a.item() instead
  append_fn(tensor_proto, proto_values)
/home/hz/anaconda3/envs/py36/lib/python3.6/site-packages/tensorflow/python/framework/tensor_util.py:542: DeprecationWarning: np.asscalar(a) is deprecated since NumPy v1.16, use a.item() instead
  append_fn(tensor_proto, proto_values)
/home/hz/anaconda3/envs/py36/lib/python3.6/site-packages/tensorflow/python/framework/tensor_util.py:542: DeprecationWarning: np.asscalar(a) is deprecated since NumPy v1.16, use a.item() instead
  append_fn(tensor_proto, proto_values)
/home/hz/anaconda3/envs/py36/lib/python3.6/site-packages/tensorflow/python/framework/tensor_util.py:542: DeprecationWarning: np.asscalar(a) is deprecated since NumPy v1.16, use a.item() instead
  append_fn(tensor_proto, proto_values)
/home/hz/anaconda3/envs/py36/lib/python3.6/site-packages/tensorflow/python/framework/tensor_util.py:542: DeprecationWarning: np.asscalar(a) is deprecated since NumPy v1.16, use a.item() instead
  append_fn(tensor_proto, proto_values)
/home/hz/anaconda3/envs/py36/lib/python3.6/site-packages/tensorflow/python/framework/tensor_util.py:542: DeprecationWarning: np.asscalar(a) is deprecated since NumPy v1.16, use a.item() instead
  append_fn(tensor_proto, proto_values)
/home/hz/anaconda3/envs/py36/lib/python3.6/site-packages/tensorflow/python/framework/tensor_util.py:542: DeprecationWarning: np.asscalar(a) is deprecated since NumPy v1.16, use a.item() instead
  append_fn(tensor_proto, proto_values)
/home/hz/anaconda3/envs/py36/lib/python3.6/site-packages/tensorflow/python/framework/tensor_util.py:542: DeprecationWarning: np.asscalar(a) is deprecated since NumPy v1.16, use a.item() instead
  append_fn(tensor_proto, proto_values)
/home/hz/anaconda3/envs/py36/lib/python3.6/site-packages/tensorflow/python/framework/tensor_util.py:542: DeprecationWarning: np.asscalar(a) is deprecated since NumPy v1.16, use a.item() instead
  append_fn(tensor_proto, proto_values)
/home/hz/anaconda3/envs/py36/lib/python3.6/site-packages/tensorflow/python/framework/tensor_util.py:542: DeprecationWarning: np.asscalar(a) is deprecated since NumPy v1.16, use a.item() instead
  append_fn(tensor_proto, proto_values)
/home/hz/anaconda3/envs/py36/lib/python3.6/site-packages/tensorflow/python/framework/tensor_util.py:542: DeprecationWarning: np.asscalar(a) is deprecated since NumPy v1.16, use a.item() instead
  append_fn(tensor_proto, proto_values)
/home/hz/anaconda3/envs/py36/lib/python3.6/site-packages/tensorflow/python/framework/tensor_util.py:542: DeprecationWarning: np.asscalar(a) is deprecated since NumPy v1.16, use a.item() instead
  append_fn(tensor_proto, proto_values)
/home/hz/anaconda3/envs/py36/lib/python3.6/site-packages/tensorflow/python/framework/tensor_util.py:542: DeprecationWarning: np.asscalar(a) is deprecated since NumPy v1.16, use a.item() instead
  append_fn(tensor_proto, proto_values)
/home/hz/anaconda3/envs/py36/lib/python3.6/site-packages/tensorflow/python/framework/tensor_util.py:542: DeprecationWarning: np.asscalar(a) is deprecated since NumPy v1.16, use a.item() instead
  append_fn(tensor_proto, proto_values)
/home/hz/anaconda3/envs/py36/lib/python3.6/site-packages/tensorflow/python/framework/tensor_util.py:542: DeprecationWarning: np.asscalar(a) is deprecated since NumPy v1.16, use a.item() instead
  append_fn(tensor_proto, proto_values)
/home/hz/anaconda3/envs/py36/lib/python3.6/site-packages/tensorflow/python/framework/tensor_util.py:542: DeprecationWarning: np.asscalar(a) is deprecated since NumPy v1.16, use a.item() instead
  append_fn(tensor_proto, proto_values)
/home/hz/anaconda3/envs/py36/lib/python3.6/site-packages/tensorflow/python/framework/tensor_util.py:542: DeprecationWarning: np.asscalar(a) is deprecated since NumPy v1.16, use a.item() instead
  append_fn(tensor_proto, proto_values)
/home/hz/anaconda3/envs/py36/lib/python3.6/site-packages/tensorflow/python/framework/tensor_util.py:542: DeprecationWarning: np.asscalar(a) is deprecated since NumPy v1.16, use a.item() instead
  append_fn(tensor_proto, proto_values)
/home/hz/anaconda3/envs/py36/lib/python3.6/site-packages/tensorflow/python/framework/tensor_util.py:542: DeprecationWarning: np.asscalar(a) is deprecated since NumPy v1.16, use a.item() instead
  append_fn(tensor_proto, proto_values)
/home/hz/anaconda3/envs/py36/lib/python3.6/site-packages/tensorflow/python/framework/tensor_util.py:542: DeprecationWarning: np.asscalar(a) is deprecated since NumPy v1.16, use a.item() instead
  append_fn(tensor_proto, proto_values)
/home/hz/anaconda3/envs/py36/lib/python3.6/site-packages/tensorflow/python/framework/tensor_util.py:542: DeprecationWarning: np.asscalar(a) is deprecated since NumPy v1.16, use a.item() instead
  append_fn(tensor_proto, proto_values)
/home/hz/anaconda3/envs/py36/lib/python3.6/site-packages/tensorflow/python/framework/tensor_util.py:542: DeprecationWarning: np.asscalar(a) is deprecated since NumPy v1.16, use a.item() instead
  append_fn(tensor_proto, proto_values)
/home/hz/anaconda3/envs/py36/lib/python3.6/site-packages/tensorflow/python/framework/tensor_util.py:542: DeprecationWarning: np.asscalar(a) is deprecated since NumPy v1.16, use a.item() instead
  append_fn(tensor_proto, proto_values)
/home/hz/anaconda3/envs/py36/lib/python3.6/site-packages/tensorflow/python/framework/tensor_util.py:542: DeprecationWarning: np.asscalar(a) is deprecated since NumPy v1.16, use a.item() instead
  append_fn(tensor_proto, proto_values)
/home/hz/anaconda3/envs/py36/lib/python3.6/site-packages/tensorflow/python/framework/tensor_util.py:542: DeprecationWarning: np.asscalar(a) is deprecated since NumPy v1.16, use a.item() instead
  append_fn(tensor_proto, proto_values)
/home/hz/anaconda3/envs/py36/lib/python3.6/site-packages/tensorflow/python/framework/tensor_util.py:542: DeprecationWarning: np.asscalar(a) is deprecated since NumPy v1.16, use a.item() instead
  append_fn(tensor_proto, proto_values)
/home/hz/anaconda3/envs/py36/lib/python3.6/site-packages/tensorflow/python/framework/tensor_util.py:542: DeprecationWarning: np.asscalar(a) is deprecated since NumPy v1.16, use a.item() instead
  append_fn(tensor_proto, proto_values)
/home/hz/anaconda3/envs/py36/lib/python3.6/site-packages/tensorflow/python/framework/tensor_util.py:542: DeprecationWarning: np.asscalar(a) is deprecated since NumPy v1.16, use a.item() instead
  append_fn(tensor_proto, proto_values)
/home/hz/anaconda3/envs/py36/lib/python3.6/site-packages/tensorflow/python/framework/tensor_util.py:542: DeprecationWarning: np.asscalar(a) is deprecated since NumPy v1.16, use a.item() instead
  append_fn(tensor_proto, proto_values)
/home/hz/anaconda3/envs/py36/lib/python3.6/site-packages/tensorflow/python/framework/tensor_util.py:542: DeprecationWarning: np.asscalar(a) is deprecated since NumPy v1.16, use a.item() instead
  append_fn(tensor_proto, proto_values)
/home/hz/anaconda3/envs/py36/lib/python3.6/site-packages/tensorflow/python/framework/tensor_util.py:542: DeprecationWarning: np.asscalar(a) is deprecated since NumPy v1.16, use a.item() instead
  append_fn(tensor_proto, proto_values)
/home/hz/anaconda3/envs/py36/lib/python3.6/site-packages/tensorflow/python/framework/tensor_util.py:542: DeprecationWarning: np.asscalar(a) is deprecated since NumPy v1.16, use a.item() instead
  append_fn(tensor_proto, proto_values)
/home/hz/anaconda3/envs/py36/lib/python3.6/site-packages/tensorflow/python/framework/tensor_util.py:542: DeprecationWarning: np.asscalar(a) is deprecated since NumPy v1.16, use a.item() instead
  append_fn(tensor_proto, proto_values)
/home/hz/anaconda3/envs/py36/lib/python3.6/site-packages/tensorflow/python/framework/tensor_util.py:542: DeprecationWarning: np.asscalar(a) is deprecated since NumPy v1.16, use a.item() instead
  append_fn(tensor_proto, proto_values)
/home/hz/anaconda3/envs/py36/lib/python3.6/site-packages/tensorflow/python/framework/tensor_util.py:542: DeprecationWarning: np.asscalar(a) is deprecated since NumPy v1.16, use a.item() instead
  append_fn(tensor_proto, proto_values)
/home/hz/anaconda3/envs/py36/lib/python3.6/site-packages/tensorflow/python/framework/tensor_util.py:507: DeprecationWarning: tostring() is deprecated. Use tobytes() instead.
  tensor_proto.tensor_content = nparray.tostring()
/home/hz/anaconda3/envs/py36/lib/python3.6/site-packages/tensorflow/python/framework/tensor_util.py:507: DeprecationWarning: tostring() is deprecated. Use tobytes() instead.
  tensor_proto.tensor_content = nparray.tostring()
/home/hz/anaconda3/envs/py36/lib/python3.6/site-packages/tensorflow/python/framework/tensor_util.py:507: DeprecationWarning: tostring() is deprecated. Use tobytes() instead.
  tensor_proto.tensor_content = nparray.tostring()
/home/hz/anaconda3/envs/py36/lib/python3.6/site-packages/tensorflow/python/framework/tensor_util.py:507: DeprecationWarning: tostring() is deprecated. Use tobytes() instead.
  tensor_proto.tensor_content = nparray.tostring()
/home/hz/anaconda3/envs/py36/lib/python3.6/site-packages/tensorflow/python/framework/tensor_util.py:507: DeprecationWarning: tostring() is deprecated. Use tobytes() instead.
  tensor_proto.tensor_content = nparray.tostring()
/home/hz/anaconda3/envs/py36/lib/python3.6/site-packages/tensorflow/python/framework/tensor_util.py:507: DeprecationWarning: tostring() is deprecated. Use tobytes() instead.
  tensor_proto.tensor_content = nparray.tostring()
/home/hz/anaconda3/envs/py36/lib/python3.6/site-packages/tensorflow/python/framework/tensor_util.py:507: DeprecationWarning: tostring() is deprecated. Use tobytes() instead.
  tensor_proto.tensor_content = nparray.tostring()
/home/hz/anaconda3/envs/py36/lib/python3.6/site-packages/tensorflow/python/framework/tensor_util.py:507: DeprecationWarning: tostring() is deprecated. Use tobytes() instead.
  tensor_proto.tensor_content = nparray.tostring()
/home/hz/anaconda3/envs/py36/lib/python3.6/site-packages/tensorflow/python/framework/tensor_util.py:507: DeprecationWarning: tostring() is deprecated. Use tobytes() instead.
  tensor_proto.tensor_content = nparray.tostring()
/home/hz/anaconda3/envs/py36/lib/python3.6/site-packages/tensorflow/python/framework/tensor_util.py:507: DeprecationWarning: tostring() is deprecated. Use tobytes() instead.
  tensor_proto.tensor_content = nparray.tostring()
/home/hz/anaconda3/envs/py36/lib/python3.6/site-packages/tensorflow/python/framework/tensor_util.py:507: DeprecationWarning: tostring() is deprecated. Use tobytes() instead.
  tensor_proto.tensor_content = nparray.tostring()
/home/hz/anaconda3/envs/py36/lib/python3.6/site-packages/tensorflow/python/framework/tensor_util.py:507: DeprecationWarning: tostring() is deprecated. Use tobytes() instead.
  tensor_proto.tensor_content = nparray.tostring()
/home/hz/anaconda3/envs/py36/lib/python3.6/site-packages/tensorflow/python/framework/tensor_util.py:507: DeprecationWarning: tostring() is deprecated. Use tobytes() instead.
  tensor_proto.tensor_content = nparray.tostring()
/home/hz/anaconda3/envs/py36/lib/python3.6/site-packages/tensorflow/python/framework/tensor_util.py:507: DeprecationWarning: tostring() is deprecated. Use tobytes() instead.
  tensor_proto.tensor_content = nparray.tostring()
/home/hz/anaconda3/envs/py36/lib/python3.6/site-packages/tensorflow/python/framework/tensor_util.py:507: DeprecationWarning: tostring() is deprecated. Use tobytes() instead.
  tensor_proto.tensor_content = nparray.tostring()
/home/hz/anaconda3/envs/py36/lib/python3.6/site-packages/tensorflow/python/framework/tensor_util.py:507: DeprecationWarning: tostring() is deprecated. Use tobytes() instead.
  tensor_proto.tensor_content = nparray.tostring()
/home/hz/anaconda3/envs/py36/lib/python3.6/site-packages/tensorflow/python/framework/tensor_util.py:507: DeprecationWarning: tostring() is deprecated. Use tobytes() instead.
  tensor_proto.tensor_content = nparray.tostring()
/home/hz/anaconda3/envs/py36/lib/python3.6/site-packages/tensorflow/python/framework/tensor_util.py:507: DeprecationWarning: tostring() is deprecated. Use tobytes() instead.
  tensor_proto.tensor_content = nparray.tostring()
/home/hz/anaconda3/envs/py36/lib/python3.6/site-packages/tensorflow/python/framework/tensor_util.py:507: DeprecationWarning: tostring() is deprecated. Use tobytes() instead.
  tensor_proto.tensor_content = nparray.tostring()
/home/hz/anaconda3/envs/py36/lib/python3.6/site-packages/tensorflow/python/framework/tensor_util.py:507: DeprecationWarning: tostring() is deprecated. Use tobytes() instead.
  tensor_proto.tensor_content = nparray.tostring()
/home/hz/anaconda3/envs/py36/lib/python3.6/site-packages/tensorflow/python/framework/tensor_util.py:507: DeprecationWarning: tostring() is deprecated. Use tobytes() instead.
  tensor_proto.tensor_content = nparray.tostring()
/home/hz/anaconda3/envs/py36/lib/python3.6/site-packages/tensorflow/python/framework/tensor_util.py:507: DeprecationWarning: tostring() is deprecated. Use tobytes() instead.
  tensor_proto.tensor_content = nparray.tostring()
/home/hz/anaconda3/envs/py36/lib/python3.6/site-packages/tensorflow/python/framework/tensor_util.py:507: DeprecationWarning: tostring() is deprecated. Use tobytes() instead.
  tensor_proto.tensor_content = nparray.tostring()
/home/hz/anaconda3/envs/py36/lib/python3.6/site-packages/tensorflow/python/framework/tensor_util.py:507: DeprecationWarning: tostring() is deprecated. Use tobytes() instead.
  tensor_proto.tensor_content = nparray.tostring()
/home/hz/anaconda3/envs/py36/lib/python3.6/site-packages/tensorflow/python/framework/tensor_util.py:507: DeprecationWarning: tostring() is deprecated. Use tobytes() instead.
  tensor_proto.tensor_content = nparray.tostring()
/home/hz/anaconda3/envs/py36/lib/python3.6/site-packages/tensorflow/python/framework/tensor_util.py:507: DeprecationWarning: tostring() is deprecated. Use tobytes() instead.
  tensor_proto.tensor_content = nparray.tostring()
/home/hz/anaconda3/envs/py36/lib/python3.6/site-packages/tensorflow/python/framework/tensor_util.py:507: DeprecationWarning: tostring() is deprecated. Use tobytes() instead.
  tensor_proto.tensor_content = nparray.tostring()
/home/hz/anaconda3/envs/py36/lib/python3.6/site-packages/tensorflow/python/framework/tensor_util.py:507: DeprecationWarning: tostring() is deprecated. Use tobytes() instead.
  tensor_proto.tensor_content = nparray.tostring()
/home/hz/anaconda3/envs/py36/lib/python3.6/site-packages/tensorflow/python/framework/tensor_util.py:507: DeprecationWarning: tostring() is deprecated. Use tobytes() instead.
  tensor_proto.tensor_content = nparray.tostring()
/home/hz/anaconda3/envs/py36/lib/python3.6/site-packages/tensorflow/python/framework/tensor_util.py:507: DeprecationWarning: tostring() is deprecated. Use tobytes() instead.
  tensor_proto.tensor_content = nparray.tostring()
/home/hz/anaconda3/envs/py36/lib/python3.6/site-packages/tensorflow/python/framework/tensor_util.py:507: DeprecationWarning: tostring() is deprecated. Use tobytes() instead.
  tensor_proto.tensor_content = nparray.tostring()
/home/hz/anaconda3/envs/py36/lib/python3.6/site-packages/tensorflow/python/framework/tensor_util.py:507: DeprecationWarning: tostring() is deprecated. Use tobytes() instead.
  tensor_proto.tensor_content = nparray.tostring()
/home/hz/anaconda3/envs/py36/lib/python3.6/site-packages/tensorflow/python/framework/tensor_util.py:507: DeprecationWarning: tostring() is deprecated. Use tobytes() instead.
  tensor_proto.tensor_content = nparray.tostring()
/home/hz/anaconda3/envs/py36/lib/python3.6/site-packages/tensorflow/python/framework/tensor_util.py:507: DeprecationWarning: tostring() is deprecated. Use tobytes() instead.
  tensor_proto.tensor_content = nparray.tostring()
/home/hz/anaconda3/envs/py36/lib/python3.6/site-packages/tensorflow/python/framework/tensor_util.py:542: DeprecationWarning: np.asscalar(a) is deprecated since NumPy v1.16, use a.item() instead
  append_fn(tensor_proto, proto_values)
/home/hz/anaconda3/envs/py36/lib/python3.6/site-packages/tensorflow/python/framework/tensor_util.py:507: DeprecationWarning: tostring() is deprecated. Use tobytes() instead.
  tensor_proto.tensor_content = nparray.tostring()
/home/hz/anaconda3/envs/py36/lib/python3.6/site-packages/tensorflow/python/framework/tensor_util.py:507: DeprecationWarning: tostring() is deprecated. Use tobytes() instead.
  tensor_proto.tensor_content = nparray.tostring()
/home/hz/anaconda3/envs/py36/lib/python3.6/site-packages/tensorflow/python/framework/tensor_util.py:507: DeprecationWarning: tostring() is deprecated. Use tobytes() instead.
  tensor_proto.tensor_content = nparray.tostring()
/home/hz/anaconda3/envs/py36/lib/python3.6/site-packages/tensorflow/python/framework/tensor_util.py:507: DeprecationWarning: tostring() is deprecated. Use tobytes() instead.
  tensor_proto.tensor_content = nparray.tostring()
/home/hz/anaconda3/envs/py36/lib/python3.6/site-packages/tensorflow/python/framework/tensor_util.py:542: DeprecationWarning: np.asscalar(a) is deprecated since NumPy v1.16, use a.item() instead
  append_fn(tensor_proto, proto_values)
/home/hz/anaconda3/envs/py36/lib/python3.6/site-packages/tensorflow/python/framework/tensor_util.py:507: DeprecationWarning: tostring() is deprecated. Use tobytes() instead.
  tensor_proto.tensor_content = nparray.tostring()
/home/hz/anaconda3/envs/py36/lib/python3.6/site-packages/tensorflow/python/framework/tensor_util.py:507: DeprecationWarning: tostring() is deprecated. Use tobytes() instead.
  tensor_proto.tensor_content = nparray.tostring()
/home/hz/anaconda3/envs/py36/lib/python3.6/site-packages/tensorflow/python/framework/tensor_util.py:507: DeprecationWarning: tostring() is deprecated. Use tobytes() instead.
  tensor_proto.tensor_content = nparray.tostring()
/home/hz/anaconda3/envs/py36/lib/python3.6/site-packages/tensorflow/python/framework/tensor_util.py:507: DeprecationWarning: tostring() is deprecated. Use tobytes() instead.
  tensor_proto.tensor_content = nparray.tostring()
/home/hz/anaconda3/envs/py36/lib/python3.6/site-packages/tensorflow/python/framework/tensor_util.py:542: DeprecationWarning: np.asscalar(a) is deprecated since NumPy v1.16, use a.item() instead
  append_fn(tensor_proto, proto_values)
/home/hz/anaconda3/envs/py36/lib/python3.6/site-packages/tensorflow/python/framework/tensor_util.py:507: DeprecationWarning: tostring() is deprecated. Use tobytes() instead.
  tensor_proto.tensor_content = nparray.tostring()
/home/hz/anaconda3/envs/py36/lib/python3.6/site-packages/tensorflow/python/framework/tensor_util.py:507: DeprecationWarning: tostring() is deprecated. Use tobytes() instead.
  tensor_proto.tensor_content = nparray.tostring()
/home/hz/anaconda3/envs/py36/lib/python3.6/site-packages/tensorflow/python/framework/tensor_util.py:507: DeprecationWarning: tostring() is deprecated. Use tobytes() instead.
  tensor_proto.tensor_content = nparray.tostring()
/home/hz/anaconda3/envs/py36/lib/python3.6/site-packages/tensorflow/python/framework/tensor_util.py:507: DeprecationWarning: tostring() is deprecated. Use tobytes() instead.
  tensor_proto.tensor_content = nparray.tostring()
/home/hz/anaconda3/envs/py36/lib/python3.6/site-packages/tensorflow/python/framework/tensor_util.py:542: DeprecationWarning: np.asscalar(a) is deprecated since NumPy v1.16, use a.item() instead
  append_fn(tensor_proto, proto_values)
/home/hz/anaconda3/envs/py36/lib/python3.6/site-packages/tensorflow/python/framework/tensor_util.py:507: DeprecationWarning: tostring() is deprecated. Use tobytes() instead.
  tensor_proto.tensor_content = nparray.tostring()
/home/hz/anaconda3/envs/py36/lib/python3.6/site-packages/tensorflow/python/framework/tensor_util.py:507: DeprecationWarning: tostring() is deprecated. Use tobytes() instead.
  tensor_proto.tensor_content = nparray.tostring()
/home/hz/anaconda3/envs/py36/lib/python3.6/site-packages/tensorflow/python/framework/tensor_util.py:507: DeprecationWarning: tostring() is deprecated. Use tobytes() instead.
  tensor_proto.tensor_content = nparray.tostring()
/home/hz/anaconda3/envs/py36/lib/python3.6/site-packages/tensorflow/python/framework/tensor_util.py:507: DeprecationWarning: tostring() is deprecated. Use tobytes() instead.
  tensor_proto.tensor_content = nparray.tostring()
/home/hz/anaconda3/envs/py36/lib/python3.6/site-packages/tensorflow/python/framework/tensor_util.py:542: DeprecationWarning: np.asscalar(a) is deprecated since NumPy v1.16, use a.item() instead
  append_fn(tensor_proto, proto_values)
/home/hz/anaconda3/envs/py36/lib/python3.6/site-packages/tensorflow/python/framework/tensor_util.py:507: DeprecationWarning: tostring() is deprecated. Use tobytes() instead.
  tensor_proto.tensor_content = nparray.tostring()
/home/hz/anaconda3/envs/py36/lib/python3.6/site-packages/tensorflow/python/framework/tensor_util.py:507: DeprecationWarning: tostring() is deprecated. Use tobytes() instead.
  tensor_proto.tensor_content = nparray.tostring()
/home/hz/anaconda3/envs/py36/lib/python3.6/site-packages/tensorflow/python/framework/tensor_util.py:507: DeprecationWarning: tostring() is deprecated. Use tobytes() instead.
  tensor_proto.tensor_content = nparray.tostring()
/home/hz/anaconda3/envs/py36/lib/python3.6/site-packages/tensorflow/python/framework/tensor_util.py:507: DeprecationWarning: tostring() is deprecated. Use tobytes() instead.
  tensor_proto.tensor_content = nparray.tostring()
/home/hz/anaconda3/envs/py36/lib/python3.6/site-packages/tensorflow/python/framework/tensor_util.py:542: DeprecationWarning: np.asscalar(a) is deprecated since NumPy v1.16, use a.item() instead
  append_fn(tensor_proto, proto_values)
/home/hz/anaconda3/envs/py36/lib/python3.6/site-packages/tensorflow/python/framework/tensor_util.py:507: DeprecationWarning: tostring() is deprecated. Use tobytes() instead.
  tensor_proto.tensor_content = nparray.tostring()
/home/hz/anaconda3/envs/py36/lib/python3.6/site-packages/tensorflow/python/framework/tensor_util.py:507: DeprecationWarning: tostring() is deprecated. Use tobytes() instead.
  tensor_proto.tensor_content = nparray.tostring()
/home/hz/anaconda3/envs/py36/lib/python3.6/site-packages/tensorflow/python/framework/tensor_util.py:507: DeprecationWarning: tostring() is deprecated. Use tobytes() instead.
  tensor_proto.tensor_content = nparray.tostring()
/home/hz/anaconda3/envs/py36/lib/python3.6/site-packages/tensorflow/python/framework/tensor_util.py:507: DeprecationWarning: tostring() is deprecated. Use tobytes() instead.
  tensor_proto.tensor_content = nparray.tostring()
/home/hz/anaconda3/envs/py36/lib/python3.6/site-packages/tensorflow/python/framework/tensor_util.py:542: DeprecationWarning: np.asscalar(a) is deprecated since NumPy v1.16, use a.item() instead
  append_fn(tensor_proto, proto_values)
/home/hz/anaconda3/envs/py36/lib/python3.6/site-packages/tensorflow/python/framework/tensor_util.py:507: DeprecationWarning: tostring() is deprecated. Use tobytes() instead.
  tensor_proto.tensor_content = nparray.tostring()
/home/hz/anaconda3/envs/py36/lib/python3.6/site-packages/tensorflow/python/framework/tensor_util.py:507: DeprecationWarning: tostring() is deprecated. Use tobytes() instead.
  tensor_proto.tensor_content = nparray.tostring()
/home/hz/anaconda3/envs/py36/lib/python3.6/site-packages/tensorflow/python/framework/tensor_util.py:507: DeprecationWarning: tostring() is deprecated. Use tobytes() instead.
  tensor_proto.tensor_content = nparray.tostring()
/home/hz/anaconda3/envs/py36/lib/python3.6/site-packages/tensorflow/python/framework/tensor_util.py:507: DeprecationWarning: tostring() is deprecated. Use tobytes() instead.
  tensor_proto.tensor_content = nparray.tostring()
/home/hz/anaconda3/envs/py36/lib/python3.6/site-packages/tensorflow/python/framework/tensor_util.py:542: DeprecationWarning: np.asscalar(a) is deprecated since NumPy v1.16, use a.item() instead
  append_fn(tensor_proto, proto_values)
/home/hz/anaconda3/envs/py36/lib/python3.6/site-packages/tensorflow/python/framework/tensor_util.py:507: DeprecationWarning: tostring() is deprecated. Use tobytes() instead.
  tensor_proto.tensor_content = nparray.tostring()
/home/hz/anaconda3/envs/py36/lib/python3.6/site-packages/tensorflow/python/framework/tensor_util.py:507: DeprecationWarning: tostring() is deprecated. Use tobytes() instead.
  tensor_proto.tensor_content = nparray.tostring()
/home/hz/anaconda3/envs/py36/lib/python3.6/site-packages/tensorflow/python/framework/tensor_util.py:507: DeprecationWarning: tostring() is deprecated. Use tobytes() instead.
  tensor_proto.tensor_content = nparray.tostring()
/home/hz/anaconda3/envs/py36/lib/python3.6/site-packages/tensorflow/python/framework/tensor_util.py:507: DeprecationWarning: tostring() is deprecated. Use tobytes() instead.
  tensor_proto.tensor_content = nparray.tostring()
/home/hz/anaconda3/envs/py36/lib/python3.6/site-packages/tensorflow/python/framework/tensor_util.py:542: DeprecationWarning: np.asscalar(a) is deprecated since NumPy v1.16, use a.item() instead
  append_fn(tensor_proto, proto_values)
/home/hz/anaconda3/envs/py36/lib/python3.6/site-packages/tensorflow/python/framework/tensor_util.py:507: DeprecationWarning: tostring() is deprecated. Use tobytes() instead.
  tensor_proto.tensor_content = nparray.tostring()
/home/hz/anaconda3/envs/py36/lib/python3.6/site-packages/tensorflow/python/framework/tensor_util.py:507: DeprecationWarning: tostring() is deprecated. Use tobytes() instead.
  tensor_proto.tensor_content = nparray.tostring()
/home/hz/anaconda3/envs/py36/lib/python3.6/site-packages/tensorflow/python/framework/tensor_util.py:507: DeprecationWarning: tostring() is deprecated. Use tobytes() instead.
  tensor_proto.tensor_content = nparray.tostring()
/home/hz/anaconda3/envs/py36/lib/python3.6/site-packages/tensorflow/python/framework/tensor_util.py:507: DeprecationWarning: tostring() is deprecated. Use tobytes() instead.
  tensor_proto.tensor_content = nparray.tostring()
/home/hz/anaconda3/envs/py36/lib/python3.6/site-packages/tensorflow/python/framework/tensor_util.py:542: DeprecationWarning: np.asscalar(a) is deprecated since NumPy v1.16, use a.item() instead
  append_fn(tensor_proto, proto_values)
/home/hz/anaconda3/envs/py36/lib/python3.6/site-packages/tensorflow/python/framework/tensor_util.py:507: DeprecationWarning: tostring() is deprecated. Use tobytes() instead.
  tensor_proto.tensor_content = nparray.tostring()
/home/hz/anaconda3/envs/py36/lib/python3.6/site-packages/tensorflow/python/framework/tensor_util.py:507: DeprecationWarning: tostring() is deprecated. Use tobytes() instead.
  tensor_proto.tensor_content = nparray.tostring()
/home/hz/anaconda3/envs/py36/lib/python3.6/site-packages/tensorflow/python/framework/tensor_util.py:507: DeprecationWarning: tostring() is deprecated. Use tobytes() instead.
  tensor_proto.tensor_content = nparray.tostring()
/home/hz/anaconda3/envs/py36/lib/python3.6/site-packages/tensorflow/python/framework/tensor_util.py:507: DeprecationWarning: tostring() is deprecated. Use tobytes() instead.
  tensor_proto.tensor_content = nparray.tostring()
/home/hz/anaconda3/envs/py36/lib/python3.6/site-packages/tensorflow/python/framework/tensor_util.py:542: DeprecationWarning: np.asscalar(a) is deprecated since NumPy v1.16, use a.item() instead
  append_fn(tensor_proto, proto_values)
/home/hz/anaconda3/envs/py36/lib/python3.6/site-packages/tensorflow/python/framework/tensor_util.py:507: DeprecationWarning: tostring() is deprecated. Use tobytes() instead.
  tensor_proto.tensor_content = nparray.tostring()
/home/hz/anaconda3/envs/py36/lib/python3.6/site-packages/tensorflow/python/framework/tensor_util.py:507: DeprecationWarning: tostring() is deprecated. Use tobytes() instead.
  tensor_proto.tensor_content = nparray.tostring()
/home/hz/anaconda3/envs/py36/lib/python3.6/site-packages/tensorflow/python/framework/tensor_util.py:507: DeprecationWarning: tostring() is deprecated. Use tobytes() instead.
  tensor_proto.tensor_content = nparray.tostring()
/home/hz/anaconda3/envs/py36/lib/python3.6/site-packages/tensorflow/python/framework/tensor_util.py:507: DeprecationWarning: tostring() is deprecated. Use tobytes() instead.
  tensor_proto.tensor_content = nparray.tostring()
/home/hz/anaconda3/envs/py36/lib/python3.6/site-packages/tensorflow/python/framework/tensor_util.py:542: DeprecationWarning: np.asscalar(a) is deprecated since NumPy v1.16, use a.item() instead
  append_fn(tensor_proto, proto_values)
/home/hz/anaconda3/envs/py36/lib/python3.6/site-packages/tensorflow/python/framework/tensor_util.py:507: DeprecationWarning: tostring() is deprecated. Use tobytes() instead.
  tensor_proto.tensor_content = nparray.tostring()
/home/hz/anaconda3/envs/py36/lib/python3.6/site-packages/tensorflow/python/framework/tensor_util.py:507: DeprecationWarning: tostring() is deprecated. Use tobytes() instead.
  tensor_proto.tensor_content = nparray.tostring()
/home/hz/anaconda3/envs/py36/lib/python3.6/site-packages/tensorflow/python/framework/tensor_util.py:507: DeprecationWarning: tostring() is deprecated. Use tobytes() instead.
  tensor_proto.tensor_content = nparray.tostring()
/home/hz/anaconda3/envs/py36/lib/python3.6/site-packages/tensorflow/python/framework/tensor_util.py:507: DeprecationWarning: tostring() is deprecated. Use tobytes() instead.
  tensor_proto.tensor_content = nparray.tostring()
/home/hz/anaconda3/envs/py36/lib/python3.6/site-packages/tensorflow/python/framework/tensor_util.py:542: DeprecationWarning: np.asscalar(a) is deprecated since NumPy v1.16, use a.item() instead
  append_fn(tensor_proto, proto_values)
/home/hz/anaconda3/envs/py36/lib/python3.6/site-packages/tensorflow/python/framework/tensor_util.py:507: DeprecationWarning: tostring() is deprecated. Use tobytes() instead.
  tensor_proto.tensor_content = nparray.tostring()
/home/hz/anaconda3/envs/py36/lib/python3.6/site-packages/tensorflow/python/framework/tensor_util.py:507: DeprecationWarning: tostring() is deprecated. Use tobytes() instead.
  tensor_proto.tensor_content = nparray.tostring()
/home/hz/anaconda3/envs/py36/lib/python3.6/site-packages/tensorflow/python/framework/tensor_util.py:507: DeprecationWarning: tostring() is deprecated. Use tobytes() instead.
  tensor_proto.tensor_content = nparray.tostring()
/home/hz/anaconda3/envs/py36/lib/python3.6/site-packages/tensorflow/python/framework/tensor_util.py:507: DeprecationWarning: tostring() is deprecated. Use tobytes() instead.
  tensor_proto.tensor_content = nparray.tostring()
/home/hz/anaconda3/envs/py36/lib/python3.6/site-packages/tensorflow/python/framework/tensor_util.py:542: DeprecationWarning: np.asscalar(a) is deprecated since NumPy v1.16, use a.item() instead
  append_fn(tensor_proto, proto_values)
/home/hz/anaconda3/envs/py36/lib/python3.6/site-packages/tensorflow/python/framework/tensor_util.py:507: DeprecationWarning: tostring() is deprecated. Use tobytes() instead.
  tensor_proto.tensor_content = nparray.tostring()
/home/hz/anaconda3/envs/py36/lib/python3.6/site-packages/tensorflow/python/framework/tensor_util.py:507: DeprecationWarning: tostring() is deprecated. Use tobytes() instead.
  tensor_proto.tensor_content = nparray.tostring()
/home/hz/anaconda3/envs/py36/lib/python3.6/site-packages/tensorflow/python/framework/tensor_util.py:507: DeprecationWarning: tostring() is deprecated. Use tobytes() instead.
  tensor_proto.tensor_content = nparray.tostring()
/home/hz/anaconda3/envs/py36/lib/python3.6/site-packages/tensorflow/python/framework/tensor_util.py:507: DeprecationWarning: tostring() is deprecated. Use tobytes() instead.
  tensor_proto.tensor_content = nparray.tostring()
/home/hz/anaconda3/envs/py36/lib/python3.6/site-packages/tensorflow/python/framework/tensor_util.py:542: DeprecationWarning: np.asscalar(a) is deprecated since NumPy v1.16, use a.item() instead
  append_fn(tensor_proto, proto_values)
/home/hz/anaconda3/envs/py36/lib/python3.6/site-packages/tensorflow/python/framework/tensor_util.py:507: DeprecationWarning: tostring() is deprecated. Use tobytes() instead.
  tensor_proto.tensor_content = nparray.tostring()
/home/hz/anaconda3/envs/py36/lib/python3.6/site-packages/tensorflow/python/framework/tensor_util.py:507: DeprecationWarning: tostring() is deprecated. Use tobytes() instead.
  tensor_proto.tensor_content = nparray.tostring()
/home/hz/anaconda3/envs/py36/lib/python3.6/site-packages/tensorflow/python/framework/tensor_util.py:507: DeprecationWarning: tostring() is deprecated. Use tobytes() instead.
  tensor_proto.tensor_content = nparray.tostring()
/home/hz/anaconda3/envs/py36/lib/python3.6/site-packages/tensorflow/python/framework/tensor_util.py:507: DeprecationWarning: tostring() is deprecated. Use tobytes() instead.
  tensor_proto.tensor_content = nparray.tostring()
/home/hz/anaconda3/envs/py36/lib/python3.6/site-packages/tensorflow/python/framework/tensor_util.py:542: DeprecationWarning: np.asscalar(a) is deprecated since NumPy v1.16, use a.item() instead
  append_fn(tensor_proto, proto_values)
/home/hz/anaconda3/envs/py36/lib/python3.6/site-packages/tensorflow/python/framework/tensor_util.py:507: DeprecationWarning: tostring() is deprecated. Use tobytes() instead.
  tensor_proto.tensor_content = nparray.tostring()
/home/hz/anaconda3/envs/py36/lib/python3.6/site-packages/tensorflow/python/framework/tensor_util.py:507: DeprecationWarning: tostring() is deprecated. Use tobytes() instead.
  tensor_proto.tensor_content = nparray.tostring()
/home/hz/anaconda3/envs/py36/lib/python3.6/site-packages/tensorflow/python/framework/tensor_util.py:507: DeprecationWarning: tostring() is deprecated. Use tobytes() instead.
  tensor_proto.tensor_content = nparray.tostring()
/home/hz/anaconda3/envs/py36/lib/python3.6/site-packages/tensorflow/python/framework/tensor_util.py:507: DeprecationWarning: tostring() is deprecated. Use tobytes() instead.
  tensor_proto.tensor_content = nparray.tostring()
/home/hz/anaconda3/envs/py36/lib/python3.6/site-packages/tensorflow/python/framework/tensor_util.py:542: DeprecationWarning: np.asscalar(a) is deprecated since NumPy v1.16, use a.item() instead
  append_fn(tensor_proto, proto_values)
/home/hz/anaconda3/envs/py36/lib/python3.6/site-packages/tensorflow/python/framework/tensor_util.py:507: DeprecationWarning: tostring() is deprecated. Use tobytes() instead.
  tensor_proto.tensor_content = nparray.tostring()
/home/hz/anaconda3/envs/py36/lib/python3.6/site-packages/tensorflow/python/framework/tensor_util.py:507: DeprecationWarning: tostring() is deprecated. Use tobytes() instead.
  tensor_proto.tensor_content = nparray.tostring()
/home/hz/anaconda3/envs/py36/lib/python3.6/site-packages/tensorflow/python/framework/tensor_util.py:507: DeprecationWarning: tostring() is deprecated. Use tobytes() instead.
  tensor_proto.tensor_content = nparray.tostring()
/home/hz/anaconda3/envs/py36/lib/python3.6/site-packages/tensorflow/python/framework/tensor_util.py:507: DeprecationWarning: tostring() is deprecated. Use tobytes() instead.
  tensor_proto.tensor_content = nparray.tostring()
/home/hz/anaconda3/envs/py36/lib/python3.6/site-packages/tensorflow/python/framework/tensor_util.py:542: DeprecationWarning: np.asscalar(a) is deprecated since NumPy v1.16, use a.item() instead
  append_fn(tensor_proto, proto_values)
/home/hz/anaconda3/envs/py36/lib/python3.6/site-packages/tensorflow/python/framework/tensor_util.py:507: DeprecationWarning: tostring() is deprecated. Use tobytes() instead.
  tensor_proto.tensor_content = nparray.tostring()
/home/hz/anaconda3/envs/py36/lib/python3.6/site-packages/tensorflow/python/framework/tensor_util.py:507: DeprecationWarning: tostring() is deprecated. Use tobytes() instead.
  tensor_proto.tensor_content = nparray.tostring()
/home/hz/anaconda3/envs/py36/lib/python3.6/site-packages/tensorflow/python/framework/tensor_util.py:507: DeprecationWarning: tostring() is deprecated. Use tobytes() instead.
  tensor_proto.tensor_content = nparray.tostring()
/home/hz/anaconda3/envs/py36/lib/python3.6/site-packages/tensorflow/python/framework/tensor_util.py:507: DeprecationWarning: tostring() is deprecated. Use tobytes() instead.
  tensor_proto.tensor_content = nparray.tostring()
/home/hz/anaconda3/envs/py36/lib/python3.6/site-packages/tensorflow/python/framework/tensor_util.py:542: DeprecationWarning: np.asscalar(a) is deprecated since NumPy v1.16, use a.item() instead
  append_fn(tensor_proto, proto_values)
/home/hz/anaconda3/envs/py36/lib/python3.6/site-packages/tensorflow/python/framework/tensor_util.py:507: DeprecationWarning: tostring() is deprecated. Use tobytes() instead.
  tensor_proto.tensor_content = nparray.tostring()
/home/hz/anaconda3/envs/py36/lib/python3.6/site-packages/tensorflow/python/framework/tensor_util.py:507: DeprecationWarning: tostring() is deprecated. Use tobytes() instead.
  tensor_proto.tensor_content = nparray.tostring()
/home/hz/anaconda3/envs/py36/lib/python3.6/site-packages/tensorflow/python/framework/tensor_util.py:507: DeprecationWarning: tostring() is deprecated. Use tobytes() instead.
  tensor_proto.tensor_content = nparray.tostring()
/home/hz/anaconda3/envs/py36/lib/python3.6/site-packages/tensorflow/python/framework/tensor_util.py:507: DeprecationWarning: tostring() is deprecated. Use tobytes() instead.
  tensor_proto.tensor_content = nparray.tostring()
/home/hz/anaconda3/envs/py36/lib/python3.6/site-packages/tensorflow/python/framework/tensor_util.py:542: DeprecationWarning: np.asscalar(a) is deprecated since NumPy v1.16, use a.item() instead
  append_fn(tensor_proto, proto_values)
/home/hz/anaconda3/envs/py36/lib/python3.6/site-packages/tensorflow/python/framework/tensor_util.py:542: DeprecationWarning: np.asscalar(a) is deprecated since NumPy v1.16, use a.item() instead
  append_fn(tensor_proto, proto_values)
/home/hz/anaconda3/envs/py36/lib/python3.6/site-packages/tensorflow/python/framework/tensor_util.py:507: DeprecationWarning: tostring() is deprecated. Use tobytes() instead.
  tensor_proto.tensor_content = nparray.tostring()
/home/hz/anaconda3/envs/py36/lib/python3.6/site-packages/tensorflow/python/framework/tensor_util.py:507: DeprecationWarning: tostring() is deprecated. Use tobytes() instead.
  tensor_proto.tensor_content = nparray.tostring()
/home/hz/anaconda3/envs/py36/lib/python3.6/site-packages/tensorflow/python/framework/tensor_util.py:507: DeprecationWarning: tostring() is deprecated. Use tobytes() instead.
  tensor_proto.tensor_content = nparray.tostring()
/home/hz/anaconda3/envs/py36/lib/python3.6/site-packages/tensorflow/python/framework/tensor_util.py:507: DeprecationWarning: tostring() is deprecated. Use tobytes() instead.
  tensor_proto.tensor_content = nparray.tostring()
/home/hz/anaconda3/envs/py36/lib/python3.6/site-packages/tensorflow/python/framework/tensor_util.py:507: DeprecationWarning: tostring() is deprecated. Use tobytes() instead.
  tensor_proto.tensor_content = nparray.tostring()
/home/hz/anaconda3/envs/py36/lib/python3.6/site-packages/tensorflow/python/framework/tensor_util.py:507: DeprecationWarning: tostring() is deprecated. Use tobytes() instead.
  tensor_proto.tensor_content = nparray.tostring()
/home/hz/anaconda3/envs/py36/lib/python3.6/site-packages/tensorflow/python/framework/tensor_util.py:507: DeprecationWarning: tostring() is deprecated. Use tobytes() instead.
  tensor_proto.tensor_content = nparray.tostring()
/home/hz/anaconda3/envs/py36/lib/python3.6/site-packages/tensorflow/python/framework/tensor_util.py:507: DeprecationWarning: tostring() is deprecated. Use tobytes() instead.
  tensor_proto.tensor_content = nparray.tostring()
/home/hz/anaconda3/envs/py36/lib/python3.6/site-packages/tensorflow/python/framework/tensor_util.py:507: DeprecationWarning: tostring() is deprecated. Use tobytes() instead.
  tensor_proto.tensor_content = nparray.tostring()
/home/hz/anaconda3/envs/py36/lib/python3.6/site-packages/tensorflow/python/framework/tensor_util.py:507: DeprecationWarning: tostring() is deprecated. Use tobytes() instead.
  tensor_proto.tensor_content = nparray.tostring()
/home/hz/anaconda3/envs/py36/lib/python3.6/site-packages/tensorflow/python/framework/tensor_util.py:507: DeprecationWarning: tostring() is deprecated. Use tobytes() instead.
  tensor_proto.tensor_content = nparray.tostring()
/home/hz/anaconda3/envs/py36/lib/python3.6/site-packages/tensorflow/python/framework/tensor_util.py:507: DeprecationWarning: tostring() is deprecated. Use tobytes() instead.
  tensor_proto.tensor_content = nparray.tostring()
/home/hz/anaconda3/envs/py36/lib/python3.6/site-packages/tensorflow/python/framework/tensor_util.py:507: DeprecationWarning: tostring() is deprecated. Use tobytes() instead.
  tensor_proto.tensor_content = nparray.tostring()
/home/hz/anaconda3/envs/py36/lib/python3.6/site-packages/tensorflow/python/framework/tensor_util.py:507: DeprecationWarning: tostring() is deprecated. Use tobytes() instead.
  tensor_proto.tensor_content = nparray.tostring()
/home/hz/anaconda3/envs/py36/lib/python3.6/site-packages/tensorflow/python/framework/tensor_util.py:507: DeprecationWarning: tostring() is deprecated. Use tobytes() instead.
  tensor_proto.tensor_content = nparray.tostring()
/home/hz/anaconda3/envs/py36/lib/python3.6/site-packages/tensorflow/python/framework/tensor_util.py:507: DeprecationWarning: tostring() is deprecated. Use tobytes() instead.
  tensor_proto.tensor_content = nparray.tostring()
/home/hz/anaconda3/envs/py36/lib/python3.6/site-packages/tensorflow/python/framework/tensor_util.py:507: DeprecationWarning: tostring() is deprecated. Use tobytes() instead.
  tensor_proto.tensor_content = nparray.tostring()
/home/hz/anaconda3/envs/py36/lib/python3.6/site-packages/tensorflow/python/framework/tensor_util.py:507: DeprecationWarning: tostring() is deprecated. Use tobytes() instead.
  tensor_proto.tensor_content = nparray.tostring()
/home/hz/anaconda3/envs/py36/lib/python3.6/site-packages/tensorflow/python/framework/tensor_util.py:507: DeprecationWarning: tostring() is deprecated. Use tobytes() instead.
  tensor_proto.tensor_content = nparray.tostring()
/home/hz/anaconda3/envs/py36/lib/python3.6/site-packages/tensorflow/python/framework/tensor_util.py:542: DeprecationWarning: np.asscalar(a) is deprecated since NumPy v1.16, use a.item() instead
  append_fn(tensor_proto, proto_values)
/home/hz/anaconda3/envs/py36/lib/python3.6/site-packages/tensorflow/python/framework/tensor_util.py:542: DeprecationWarning: np.asscalar(a) is deprecated since NumPy v1.16, use a.item() instead
  append_fn(tensor_proto, proto_values)
/home/hz/anaconda3/envs/py36/lib/python3.6/site-packages/tensorflow/python/framework/tensor_util.py:507: DeprecationWarning: tostring() is deprecated. Use tobytes() instead.
  tensor_proto.tensor_content = nparray.tostring()
/home/hz/anaconda3/envs/py36/lib/python3.6/site-packages/tensorflow/python/framework/tensor_util.py:507: DeprecationWarning: tostring() is deprecated. Use tobytes() instead.
  tensor_proto.tensor_content = nparray.tostring()
/home/hz/anaconda3/envs/py36/lib/python3.6/site-packages/tensorflow/python/framework/tensor_util.py:507: DeprecationWarning: tostring() is deprecated. Use tobytes() instead.
  tensor_proto.tensor_content = nparray.tostring()
/home/hz/anaconda3/envs/py36/lib/python3.6/site-packages/tensorflow/python/framework/tensor_util.py:507: DeprecationWarning: tostring() is deprecated. Use tobytes() instead.
  tensor_proto.tensor_content = nparray.tostring()
/home/hz/anaconda3/envs/py36/lib/python3.6/site-packages/tensorflow/python/framework/tensor_util.py:507: DeprecationWarning: tostring() is deprecated. Use tobytes() instead.
  tensor_proto.tensor_content = nparray.tostring()
/home/hz/anaconda3/envs/py36/lib/python3.6/site-packages/tensorflow/python/framework/tensor_util.py:507: DeprecationWarning: tostring() is deprecated. Use tobytes() instead.
  tensor_proto.tensor_content = nparray.tostring()
/home/hz/anaconda3/envs/py36/lib/python3.6/site-packages/tensorflow/python/framework/tensor_util.py:507: DeprecationWarning: tostring() is deprecated. Use tobytes() instead.
  tensor_proto.tensor_content = nparray.tostring()
/home/hz/anaconda3/envs/py36/lib/python3.6/site-packages/tensorflow/python/framework/tensor_util.py:507: DeprecationWarning: tostring() is deprecated. Use tobytes() instead.
  tensor_proto.tensor_content = nparray.tostring()
/home/hz/anaconda3/envs/py36/lib/python3.6/site-packages/tensorflow/python/framework/tensor_util.py:507: DeprecationWarning: tostring() is deprecated. Use tobytes() instead.
  tensor_proto.tensor_content = nparray.tostring()
/home/hz/anaconda3/envs/py36/lib/python3.6/site-packages/tensorflow/python/framework/tensor_util.py:507: DeprecationWarning: tostring() is deprecated. Use tobytes() instead.
  tensor_proto.tensor_content = nparray.tostring()
/home/hz/anaconda3/envs/py36/lib/python3.6/site-packages/tensorflow/python/framework/tensor_util.py:507: DeprecationWarning: tostring() is deprecated. Use tobytes() instead.
  tensor_proto.tensor_content = nparray.tostring()
/home/hz/anaconda3/envs/py36/lib/python3.6/site-packages/tensorflow/python/framework/tensor_util.py:507: DeprecationWarning: tostring() is deprecated. Use tobytes() instead.
  tensor_proto.tensor_content = nparray.tostring()
/home/hz/anaconda3/envs/py36/lib/python3.6/site-packages/tensorflow/python/framework/tensor_util.py:507: DeprecationWarning: tostring() is deprecated. Use tobytes() instead.
  tensor_proto.tensor_content = nparray.tostring()
/home/hz/anaconda3/envs/py36/lib/python3.6/site-packages/tensorflow/python/framework/tensor_util.py:507: DeprecationWarning: tostring() is deprecated. Use tobytes() instead.
  tensor_proto.tensor_content = nparray.tostring()
/home/hz/anaconda3/envs/py36/lib/python3.6/site-packages/tensorflow/python/framework/tensor_util.py:507: DeprecationWarning: tostring() is deprecated. Use tobytes() instead.
  tensor_proto.tensor_content = nparray.tostring()
/home/hz/anaconda3/envs/py36/lib/python3.6/site-packages/tensorflow/python/framework/tensor_util.py:507: DeprecationWarning: tostring() is deprecated. Use tobytes() instead.
  tensor_proto.tensor_content = nparray.tostring()
/home/hz/anaconda3/envs/py36/lib/python3.6/site-packages/tensorflow/python/framework/tensor_util.py:507: DeprecationWarning: tostring() is deprecated. Use tobytes() instead.
  tensor_proto.tensor_content = nparray.tostring()
/home/hz/anaconda3/envs/py36/lib/python3.6/site-packages/tensorflow/python/framework/tensor_util.py:507: DeprecationWarning: tostring() is deprecated. Use tobytes() instead.
  tensor_proto.tensor_content = nparray.tostring()
/home/hz/anaconda3/envs/py36/lib/python3.6/site-packages/tensorflow/python/framework/tensor_util.py:507: DeprecationWarning: tostring() is deprecated. Use tobytes() instead.
  tensor_proto.tensor_content = nparray.tostring()
/home/hz/anaconda3/envs/py36/lib/python3.6/site-packages/tensorflow/python/framework/tensor_util.py:507: DeprecationWarning: tostring() is deprecated. Use tobytes() instead.
  tensor_proto.tensor_content = nparray.tostring()
/home/hz/anaconda3/envs/py36/lib/python3.6/site-packages/tensorflow/python/framework/tensor_util.py:507: DeprecationWarning: tostring() is deprecated. Use tobytes() instead.
  tensor_proto.tensor_content = nparray.tostring()
/home/hz/anaconda3/envs/py36/lib/python3.6/site-packages/tensorflow/python/framework/tensor_util.py:507: DeprecationWarning: tostring() is deprecated. Use tobytes() instead.
  tensor_proto.tensor_content = nparray.tostring()
/home/hz/anaconda3/envs/py36/lib/python3.6/site-packages/tensorflow/python/framework/tensor_util.py:507: DeprecationWarning: tostring() is deprecated. Use tobytes() instead.
  tensor_proto.tensor_content = nparray.tostring()
/home/hz/anaconda3/envs/py36/lib/python3.6/site-packages/tensorflow/python/framework/tensor_util.py:542: DeprecationWarning: np.asscalar(a) is deprecated since NumPy v1.16, use a.item() instead
  append_fn(tensor_proto, proto_values)
/home/hz/anaconda3/envs/py36/lib/python3.6/site-packages/tensorflow/python/framework/tensor_util.py:542: DeprecationWarning: np.asscalar(a) is deprecated since NumPy v1.16, use a.item() instead
  append_fn(tensor_proto, proto_values)
/home/hz/anaconda3/envs/py36/lib/python3.6/site-packages/tensorflow/python/framework/tensor_util.py:542: DeprecationWarning: np.asscalar(a) is deprecated since NumPy v1.16, use a.item() instead
  append_fn(tensor_proto, proto_values)
/home/hz/anaconda3/envs/py36/lib/python3.6/site-packages/tensorflow/python/framework/tensor_util.py:542: DeprecationWarning: np.asscalar(a) is deprecated since NumPy v1.16, use a.item() instead
  append_fn(tensor_proto, proto_values)
/home/hz/anaconda3/envs/py36/lib/python3.6/site-packages/tensorflow/python/framework/tensor_util.py:542: DeprecationWarning: np.asscalar(a) is deprecated since NumPy v1.16, use a.item() instead
  append_fn(tensor_proto, proto_values)
/home/hz/anaconda3/envs/py36/lib/python3.6/site-packages/tensorflow/python/framework/tensor_util.py:542: DeprecationWarning: np.asscalar(a) is deprecated since NumPy v1.16, use a.item() instead
  append_fn(tensor_proto, proto_values)
/home/hz/anaconda3/envs/py36/lib/python3.6/site-packages/tensorflow/python/framework/tensor_util.py:542: DeprecationWarning: np.asscalar(a) is deprecated since NumPy v1.16, use a.item() instead
  append_fn(tensor_proto, proto_values)
/home/hz/anaconda3/envs/py36/lib/python3.6/site-packages/tensorflow/python/framework/tensor_util.py:542: DeprecationWarning: np.asscalar(a) is deprecated since NumPy v1.16, use a.item() instead
  append_fn(tensor_proto, proto_values)
/home/hz/anaconda3/envs/py36/lib/python3.6/site-packages/tensorflow/python/framework/tensor_util.py:542: DeprecationWarning: np.asscalar(a) is deprecated since NumPy v1.16, use a.item() instead
  append_fn(tensor_proto, proto_values)
/home/hz/anaconda3/envs/py36/lib/python3.6/site-packages/tensorflow/python/framework/tensor_util.py:542: DeprecationWarning: np.asscalar(a) is deprecated since NumPy v1.16, use a.item() instead
  append_fn(tensor_proto, proto_values)
/home/hz/anaconda3/envs/py36/lib/python3.6/site-packages/tensorflow/python/framework/tensor_util.py:542: DeprecationWarning: np.asscalar(a) is deprecated since NumPy v1.16, use a.item() instead
  append_fn(tensor_proto, proto_values)
/home/hz/anaconda3/envs/py36/lib/python3.6/site-packages/tensorflow/python/framework/tensor_util.py:542: DeprecationWarning: np.asscalar(a) is deprecated since NumPy v1.16, use a.item() instead
  append_fn(tensor_proto, proto_values)
/home/hz/anaconda3/envs/py36/lib/python3.6/site-packages/tensorflow/python/framework/tensor_util.py:542: DeprecationWarning: np.asscalar(a) is deprecated since NumPy v1.16, use a.item() instead
  append_fn(tensor_proto, proto_values)
/home/hz/anaconda3/envs/py36/lib/python3.6/site-packages/tensorflow/python/framework/tensor_util.py:542: DeprecationWarning: np.asscalar(a) is deprecated since NumPy v1.16, use a.item() instead
  append_fn(tensor_proto, proto_values)
/home/hz/anaconda3/envs/py36/lib/python3.6/site-packages/tensorflow/python/framework/tensor_util.py:542: DeprecationWarning: np.asscalar(a) is deprecated since NumPy v1.16, use a.item() instead
  append_fn(tensor_proto, proto_values)
/home/hz/anaconda3/envs/py36/lib/python3.6/site-packages/tensorflow/python/framework/tensor_util.py:542: DeprecationWarning: np.asscalar(a) is deprecated since NumPy v1.16, use a.item() instead
  append_fn(tensor_proto, proto_values)
/home/hz/anaconda3/envs/py36/lib/python3.6/site-packages/tensorflow/python/framework/tensor_util.py:542: DeprecationWarning: np.asscalar(a) is deprecated since NumPy v1.16, use a.item() instead
  append_fn(tensor_proto, proto_values)
/home/hz/anaconda3/envs/py36/lib/python3.6/site-packages/tensorflow/python/framework/tensor_util.py:542: DeprecationWarning: np.asscalar(a) is deprecated since NumPy v1.16, use a.item() instead
  append_fn(tensor_proto, proto_values)
/home/hz/anaconda3/envs/py36/lib/python3.6/site-packages/tensorflow/python/framework/tensor_util.py:507: DeprecationWarning: tostring() is deprecated. Use tobytes() instead.
  tensor_proto.tensor_content = nparray.tostring()
/home/hz/anaconda3/envs/py36/lib/python3.6/site-packages/tensorflow/python/framework/tensor_util.py:507: DeprecationWarning: tostring() is deprecated. Use tobytes() instead.
  tensor_proto.tensor_content = nparray.tostring()
/home/hz/anaconda3/envs/py36/lib/python3.6/site-packages/tensorflow/python/framework/tensor_util.py:507: DeprecationWarning: tostring() is deprecated. Use tobytes() instead.
  tensor_proto.tensor_content = nparray.tostring()
/home/hz/anaconda3/envs/py36/lib/python3.6/site-packages/tensorflow/python/framework/tensor_util.py:507: DeprecationWarning: tostring() is deprecated. Use tobytes() instead.
  tensor_proto.tensor_content = nparray.tostring()
/home/hz/anaconda3/envs/py36/lib/python3.6/site-packages/tensorflow/python/framework/tensor_util.py:507: DeprecationWarning: tostring() is deprecated. Use tobytes() instead.
  tensor_proto.tensor_content = nparray.tostring()
/home/hz/anaconda3/envs/py36/lib/python3.6/site-packages/tensorflow/python/framework/tensor_util.py:507: DeprecationWarning: tostring() is deprecated. Use tobytes() instead.
  tensor_proto.tensor_content = nparray.tostring()
/home/hz/anaconda3/envs/py36/lib/python3.6/site-packages/tensorflow/python/framework/tensor_util.py:507: DeprecationWarning: tostring() is deprecated. Use tobytes() instead.
  tensor_proto.tensor_content = nparray.tostring()
/home/hz/anaconda3/envs/py36/lib/python3.6/site-packages/tensorflow/python/framework/tensor_util.py:507: DeprecationWarning: tostring() is deprecated. Use tobytes() instead.
  tensor_proto.tensor_content = nparray.tostring()
/home/hz/anaconda3/envs/py36/lib/python3.6/site-packages/tensorflow/python/framework/tensor_util.py:507: DeprecationWarning: tostring() is deprecated. Use tobytes() instead.
  tensor_proto.tensor_content = nparray.tostring()
/home/hz/anaconda3/envs/py36/lib/python3.6/site-packages/tensorflow/python/framework/tensor_util.py:507: DeprecationWarning: tostring() is deprecated. Use tobytes() instead.
  tensor_proto.tensor_content = nparray.tostring()
/home/hz/anaconda3/envs/py36/lib/python3.6/site-packages/tensorflow/python/framework/tensor_util.py:507: DeprecationWarning: tostring() is deprecated. Use tobytes() instead.
  tensor_proto.tensor_content = nparray.tostring()
/home/hz/anaconda3/envs/py36/lib/python3.6/site-packages/tensorflow/python/framework/tensor_util.py:507: DeprecationWarning: tostring() is deprecated. Use tobytes() instead.
  tensor_proto.tensor_content = nparray.tostring()
/home/hz/anaconda3/envs/py36/lib/python3.6/site-packages/tensorflow/python/framework/tensor_util.py:542: DeprecationWarning: np.asscalar(a) is deprecated since NumPy v1.16, use a.item() instead
  append_fn(tensor_proto, proto_values)
/home/hz/anaconda3/envs/py36/lib/python3.6/site-packages/tensorflow/python/framework/tensor_util.py:542: DeprecationWarning: np.asscalar(a) is deprecated since NumPy v1.16, use a.item() instead
  append_fn(tensor_proto, proto_values)
/home/hz/anaconda3/envs/py36/lib/python3.6/site-packages/tensorflow/python/framework/tensor_util.py:507: DeprecationWarning: tostring() is deprecated. Use tobytes() instead.
  tensor_proto.tensor_content = nparray.tostring()
/home/hz/anaconda3/envs/py36/lib/python3.6/site-packages/tensorflow/python/framework/tensor_util.py:507: DeprecationWarning: tostring() is deprecated. Use tobytes() instead.
  tensor_proto.tensor_content = nparray.tostring()
/home/hz/anaconda3/envs/py36/lib/python3.6/site-packages/tensorflow/python/framework/tensor_util.py:507: DeprecationWarning: tostring() is deprecated. Use tobytes() instead.
  tensor_proto.tensor_content = nparray.tostring()
/home/hz/anaconda3/envs/py36/lib/python3.6/site-packages/tensorflow/python/framework/tensor_util.py:507: DeprecationWarning: tostring() is deprecated. Use tobytes() instead.
  tensor_proto.tensor_content = nparray.tostring()
/home/hz/anaconda3/envs/py36/lib/python3.6/site-packages/tensorflow/python/framework/tensor_util.py:542: DeprecationWarning: np.asscalar(a) is deprecated since NumPy v1.16, use a.item() instead
  append_fn(tensor_proto, proto_values)
/home/hz/anaconda3/envs/py36/lib/python3.6/site-packages/tensorflow/python/framework/tensor_util.py:542: DeprecationWarning: np.asscalar(a) is deprecated since NumPy v1.16, use a.item() instead
  append_fn(tensor_proto, proto_values)
/home/hz/anaconda3/envs/py36/lib/python3.6/site-packages/tensorflow/python/framework/tensor_util.py:507: DeprecationWarning: tostring() is deprecated. Use tobytes() instead.
  tensor_proto.tensor_content = nparray.tostring()
/home/hz/anaconda3/envs/py36/lib/python3.6/site-packages/tensorflow/python/framework/tensor_util.py:542: DeprecationWarning: np.asscalar(a) is deprecated since NumPy v1.16, use a.item() instead
  append_fn(tensor_proto, proto_values)
/home/hz/anaconda3/envs/py36/lib/python3.6/site-packages/tensorflow/python/framework/tensor_util.py:542: DeprecationWarning: np.asscalar(a) is deprecated since NumPy v1.16, use a.item() instead
  append_fn(tensor_proto, proto_values)
/home/hz/anaconda3/envs/py36/lib/python3.6/site-packages/tensorflow/python/framework/tensor_util.py:507: DeprecationWarning: tostring() is deprecated. Use tobytes() instead.
  tensor_proto.tensor_content = nparray.tostring()
/home/hz/anaconda3/envs/py36/lib/python3.6/site-packages/tensorflow/python/framework/tensor_util.py:507: DeprecationWarning: tostring() is deprecated. Use tobytes() instead.
  tensor_proto.tensor_content = nparray.tostring()
/home/hz/anaconda3/envs/py36/lib/python3.6/site-packages/tensorflow/python/framework/tensor_util.py:507: DeprecationWarning: tostring() is deprecated. Use tobytes() instead.
  tensor_proto.tensor_content = nparray.tostring()
/home/hz/anaconda3/envs/py36/lib/python3.6/site-packages/tensorflow/python/framework/tensor_util.py:542: DeprecationWarning: np.asscalar(a) is deprecated since NumPy v1.16, use a.item() instead
  append_fn(tensor_proto, proto_values)
/home/hz/anaconda3/envs/py36/lib/python3.6/site-packages/tensorflow/python/framework/tensor_util.py:542: DeprecationWarning: np.asscalar(a) is deprecated since NumPy v1.16, use a.item() instead
  append_fn(tensor_proto, proto_values)
/home/hz/anaconda3/envs/py36/lib/python3.6/site-packages/tensorflow/python/framework/tensor_util.py:507: DeprecationWarning: tostring() is deprecated. Use tobytes() instead.
  tensor_proto.tensor_content = nparray.tostring()
/home/hz/anaconda3/envs/py36/lib/python3.6/site-packages/tensorflow/python/framework/tensor_util.py:542: DeprecationWarning: np.asscalar(a) is deprecated since NumPy v1.16, use a.item() instead
  append_fn(tensor_proto, proto_values)
/home/hz/anaconda3/envs/py36/lib/python3.6/site-packages/tensorflow/python/framework/tensor_util.py:542: DeprecationWarning: np.asscalar(a) is deprecated since NumPy v1.16, use a.item() instead
  append_fn(tensor_proto, proto_values)
/home/hz/anaconda3/envs/py36/lib/python3.6/site-packages/tensorflow/python/framework/tensor_util.py:507: DeprecationWarning: tostring() is deprecated. Use tobytes() instead.
  tensor_proto.tensor_content = nparray.tostring()
/home/hz/anaconda3/envs/py36/lib/python3.6/site-packages/tensorflow/python/framework/tensor_util.py:507: DeprecationWarning: tostring() is deprecated. Use tobytes() instead.
  tensor_proto.tensor_content = nparray.tostring()
/home/hz/anaconda3/envs/py36/lib/python3.6/site-packages/tensorflow/python/framework/tensor_util.py:507: DeprecationWarning: tostring() is deprecated. Use tobytes() instead.
  tensor_proto.tensor_content = nparray.tostring()
/home/hz/anaconda3/envs/py36/lib/python3.6/site-packages/tensorflow/python/framework/tensor_util.py:542: DeprecationWarning: np.asscalar(a) is deprecated since NumPy v1.16, use a.item() instead
  append_fn(tensor_proto, proto_values)
/home/hz/anaconda3/envs/py36/lib/python3.6/site-packages/tensorflow/python/framework/tensor_util.py:542: DeprecationWarning: np.asscalar(a) is deprecated since NumPy v1.16, use a.item() instead
  append_fn(tensor_proto, proto_values)
/home/hz/anaconda3/envs/py36/lib/python3.6/site-packages/tensorflow/python/framework/tensor_util.py:507: DeprecationWarning: tostring() is deprecated. Use tobytes() instead.
  tensor_proto.tensor_content = nparray.tostring()
/home/hz/anaconda3/envs/py36/lib/python3.6/site-packages/tensorflow/python/framework/tensor_util.py:542: DeprecationWarning: np.asscalar(a) is deprecated since NumPy v1.16, use a.item() instead
  append_fn(tensor_proto, proto_values)
/home/hz/anaconda3/envs/py36/lib/python3.6/site-packages/tensorflow/python/framework/tensor_util.py:542: DeprecationWarning: np.asscalar(a) is deprecated since NumPy v1.16, use a.item() instead
  append_fn(tensor_proto, proto_values)
/home/hz/anaconda3/envs/py36/lib/python3.6/site-packages/tensorflow/python/framework/tensor_util.py:507: DeprecationWarning: tostring() is deprecated. Use tobytes() instead.
  tensor_proto.tensor_content = nparray.tostring()
/home/hz/anaconda3/envs/py36/lib/python3.6/site-packages/tensorflow/python/framework/tensor_util.py:507: DeprecationWarning: tostring() is deprecated. Use tobytes() instead.
  tensor_proto.tensor_content = nparray.tostring()
/home/hz/anaconda3/envs/py36/lib/python3.6/site-packages/tensorflow/python/framework/tensor_util.py:507: DeprecationWarning: tostring() is deprecated. Use tobytes() instead.
  tensor_proto.tensor_content = nparray.tostring()
/home/hz/anaconda3/envs/py36/lib/python3.6/site-packages/tensorflow/python/framework/tensor_util.py:507: DeprecationWarning: tostring() is deprecated. Use tobytes() instead.
  tensor_proto.tensor_content = nparray.tostring()
/home/hz/anaconda3/envs/py36/lib/python3.6/site-packages/tensorflow/python/framework/tensor_util.py:507: DeprecationWarning: tostring() is deprecated. Use tobytes() instead.
  tensor_proto.tensor_content = nparray.tostring()
/home/hz/anaconda3/envs/py36/lib/python3.6/site-packages/tensorflow/python/framework/tensor_util.py:507: DeprecationWarning: tostring() is deprecated. Use tobytes() instead.
  tensor_proto.tensor_content = nparray.tostring()
/home/hz/anaconda3/envs/py36/lib/python3.6/site-packages/tensorflow/python/framework/tensor_util.py:507: DeprecationWarning: tostring() is deprecated. Use tobytes() instead.
  tensor_proto.tensor_content = nparray.tostring()
/home/hz/anaconda3/envs/py36/lib/python3.6/site-packages/tensorflow/python/framework/tensor_util.py:507: DeprecationWarning: tostring() is deprecated. Use tobytes() instead.
  tensor_proto.tensor_content = nparray.tostring()
/home/hz/anaconda3/envs/py36/lib/python3.6/site-packages/tensorflow/python/framework/tensor_util.py:507: DeprecationWarning: tostring() is deprecated. Use tobytes() instead.
  tensor_proto.tensor_content = nparray.tostring()
/home/hz/anaconda3/envs/py36/lib/python3.6/site-packages/tensorflow/python/framework/tensor_util.py:507: DeprecationWarning: tostring() is deprecated. Use tobytes() instead.
  tensor_proto.tensor_content = nparray.tostring()
/home/hz/anaconda3/envs/py36/lib/python3.6/site-packages/tensorflow/python/framework/tensor_util.py:507: DeprecationWarning: tostring() is deprecated. Use tobytes() instead.
  tensor_proto.tensor_content = nparray.tostring()
/home/hz/anaconda3/envs/py36/lib/python3.6/site-packages/tensorflow/python/framework/tensor_util.py:507: DeprecationWarning: tostring() is deprecated. Use tobytes() instead.
  tensor_proto.tensor_content = nparray.tostring()
/home/hz/anaconda3/envs/py36/lib/python3.6/site-packages/tensorflow/python/framework/tensor_util.py:507: DeprecationWarning: tostring() is deprecated. Use tobytes() instead.
  tensor_proto.tensor_content = nparray.tostring()
/home/hz/anaconda3/envs/py36/lib/python3.6/site-packages/tensorflow/python/framework/tensor_util.py:507: DeprecationWarning: tostring() is deprecated. Use tobytes() instead.
  tensor_proto.tensor_content = nparray.tostring()
/home/hz/anaconda3/envs/py36/lib/python3.6/site-packages/tensorflow/python/framework/tensor_util.py:507: DeprecationWarning: tostring() is deprecated. Use tobytes() instead.
  tensor_proto.tensor_content = nparray.tostring()
/home/hz/anaconda3/envs/py36/lib/python3.6/site-packages/tensorflow/python/framework/tensor_util.py:507: DeprecationWarning: tostring() is deprecated. Use tobytes() instead.
  tensor_proto.tensor_content = nparray.tostring()
/home/hz/anaconda3/envs/py36/lib/python3.6/site-packages/tensorflow/python/framework/tensor_util.py:507: DeprecationWarning: tostring() is deprecated. Use tobytes() instead.
  tensor_proto.tensor_content = nparray.tostring()
/home/hz/anaconda3/envs/py36/lib/python3.6/site-packages/tensorflow/python/framework/tensor_util.py:507: DeprecationWarning: tostring() is deprecated. Use tobytes() instead.
  tensor_proto.tensor_content = nparray.tostring()
/home/hz/anaconda3/envs/py36/lib/python3.6/site-packages/tensorflow/python/framework/tensor_util.py:507: DeprecationWarning: tostring() is deprecated. Use tobytes() instead.
  tensor_proto.tensor_content = nparray.tostring()
/home/hz/anaconda3/envs/py36/lib/python3.6/site-packages/tensorflow/python/framework/tensor_util.py:507: DeprecationWarning: tostring() is deprecated. Use tobytes() instead.
  tensor_proto.tensor_content = nparray.tostring()
/home/hz/anaconda3/envs/py36/lib/python3.6/site-packages/tensorflow/python/framework/tensor_util.py:507: DeprecationWarning: tostring() is deprecated. Use tobytes() instead.
  tensor_proto.tensor_content = nparray.tostring()
/home/hz/anaconda3/envs/py36/lib/python3.6/site-packages/tensorflow/python/framework/tensor_util.py:507: DeprecationWarning: tostring() is deprecated. Use tobytes() instead.
  tensor_proto.tensor_content = nparray.tostring()
/home/hz/anaconda3/envs/py36/lib/python3.6/site-packages/tensorflow/python/framework/tensor_util.py:507: DeprecationWarning: tostring() is deprecated. Use tobytes() instead.
  tensor_proto.tensor_content = nparray.tostring()
/home/hz/anaconda3/envs/py36/lib/python3.6/site-packages/tensorflow/python/framework/tensor_util.py:507: DeprecationWarning: tostring() is deprecated. Use tobytes() instead.
  tensor_proto.tensor_content = nparray.tostring()
/home/hz/anaconda3/envs/py36/lib/python3.6/site-packages/tensorflow/python/framework/tensor_util.py:507: DeprecationWarning: tostring() is deprecated. Use tobytes() instead.
  tensor_proto.tensor_content = nparray.tostring()
/home/hz/anaconda3/envs/py36/lib/python3.6/site-packages/tensorflow/python/framework/tensor_util.py:507: DeprecationWarning: tostring() is deprecated. Use tobytes() instead.
  tensor_proto.tensor_content = nparray.tostring()
/home/hz/anaconda3/envs/py36/lib/python3.6/site-packages/tensorflow/python/framework/tensor_util.py:507: DeprecationWarning: tostring() is deprecated. Use tobytes() instead.
  tensor_proto.tensor_content = nparray.tostring()
/home/hz/anaconda3/envs/py36/lib/python3.6/site-packages/tensorflow/python/framework/tensor_util.py:507: DeprecationWarning: tostring() is deprecated. Use tobytes() instead.
  tensor_proto.tensor_content = nparray.tostring()
/home/hz/anaconda3/envs/py36/lib/python3.6/site-packages/tensorflow/python/framework/tensor_util.py:507: DeprecationWarning: tostring() is deprecated. Use tobytes() instead.
  tensor_proto.tensor_content = nparray.tostring()
/home/hz/anaconda3/envs/py36/lib/python3.6/site-packages/tensorflow/python/framework/tensor_util.py:507: DeprecationWarning: tostring() is deprecated. Use tobytes() instead.
  tensor_proto.tensor_content = nparray.tostring()
/home/hz/anaconda3/envs/py36/lib/python3.6/site-packages/tensorflow/python/framework/tensor_util.py:507: DeprecationWarning: tostring() is deprecated. Use tobytes() instead.
  tensor_proto.tensor_content = nparray.tostring()
/home/hz/anaconda3/envs/py36/lib/python3.6/site-packages/tensorflow/python/framework/tensor_util.py:507: DeprecationWarning: tostring() is deprecated. Use tobytes() instead.
  tensor_proto.tensor_content = nparray.tostring()
/home/hz/anaconda3/envs/py36/lib/python3.6/site-packages/tensorflow/python/framework/tensor_util.py:507: DeprecationWarning: tostring() is deprecated. Use tobytes() instead.
  tensor_proto.tensor_content = nparray.tostring()
/home/hz/anaconda3/envs/py36/lib/python3.6/site-packages/tensorflow/python/framework/tensor_util.py:507: DeprecationWarning: tostring() is deprecated. Use tobytes() instead.
  tensor_proto.tensor_content = nparray.tostring()
/home/hz/anaconda3/envs/py36/lib/python3.6/site-packages/tensorflow/python/framework/tensor_util.py:507: DeprecationWarning: tostring() is deprecated. Use tobytes() instead.
  tensor_proto.tensor_content = nparray.tostring()
/home/hz/anaconda3/envs/py36/lib/python3.6/site-packages/tensorflow/python/framework/tensor_util.py:507: DeprecationWarning: tostring() is deprecated. Use tobytes() instead.
  tensor_proto.tensor_content = nparray.tostring()
/home/hz/anaconda3/envs/py36/lib/python3.6/site-packages/tensorflow/python/framework/tensor_util.py:507: DeprecationWarning: tostring() is deprecated. Use tobytes() instead.
  tensor_proto.tensor_content = nparray.tostring()
/home/hz/anaconda3/envs/py36/lib/python3.6/site-packages/tensorflow/python/framework/tensor_util.py:507: DeprecationWarning: tostring() is deprecated. Use tobytes() instead.
  tensor_proto.tensor_content = nparray.tostring()
/home/hz/anaconda3/envs/py36/lib/python3.6/site-packages/tensorflow/python/framework/tensor_util.py:507: DeprecationWarning: tostring() is deprecated. Use tobytes() instead.
  tensor_proto.tensor_content = nparray.tostring()
/home/hz/anaconda3/envs/py36/lib/python3.6/site-packages/tensorflow/python/framework/tensor_util.py:507: DeprecationWarning: tostring() is deprecated. Use tobytes() instead.
  tensor_proto.tensor_content = nparray.tostring()
/home/hz/anaconda3/envs/py36/lib/python3.6/site-packages/tensorflow/python/framework/tensor_util.py:507: DeprecationWarning: tostring() is deprecated. Use tobytes() instead.
  tensor_proto.tensor_content = nparray.tostring()
/home/hz/anaconda3/envs/py36/lib/python3.6/site-packages/tensorflow/python/framework/tensor_util.py:507: DeprecationWarning: tostring() is deprecated. Use tobytes() instead.
  tensor_proto.tensor_content = nparray.tostring()
/home/hz/anaconda3/envs/py36/lib/python3.6/site-packages/tensorflow/python/framework/tensor_util.py:507: DeprecationWarning: tostring() is deprecated. Use tobytes() instead.
  tensor_proto.tensor_content = nparray.tostring()
/home/hz/anaconda3/envs/py36/lib/python3.6/site-packages/tensorflow/python/framework/tensor_util.py:507: DeprecationWarning: tostring() is deprecated. Use tobytes() instead.
  tensor_proto.tensor_content = nparray.tostring()
/home/hz/anaconda3/envs/py36/lib/python3.6/site-packages/tensorflow/python/framework/tensor_util.py:507: DeprecationWarning: tostring() is deprecated. Use tobytes() instead.
  tensor_proto.tensor_content = nparray.tostring()
/home/hz/anaconda3/envs/py36/lib/python3.6/site-packages/tensorflow/python/framework/tensor_util.py:507: DeprecationWarning: tostring() is deprecated. Use tobytes() instead.
  tensor_proto.tensor_content = nparray.tostring()
/home/hz/anaconda3/envs/py36/lib/python3.6/site-packages/tensorflow/python/framework/tensor_util.py:507: DeprecationWarning: tostring() is deprecated. Use tobytes() instead.
  tensor_proto.tensor_content = nparray.tostring()
/home/hz/anaconda3/envs/py36/lib/python3.6/site-packages/tensorflow/python/framework/tensor_util.py:507: DeprecationWarning: tostring() is deprecated. Use tobytes() instead.
  tensor_proto.tensor_content = nparray.tostring()
/home/hz/anaconda3/envs/py36/lib/python3.6/site-packages/tensorflow/python/framework/tensor_util.py:507: DeprecationWarning: tostring() is deprecated. Use tobytes() instead.
  tensor_proto.tensor_content = nparray.tostring()
/home/hz/anaconda3/envs/py36/lib/python3.6/site-packages/tensorflow/python/framework/tensor_util.py:507: DeprecationWarning: tostring() is deprecated. Use tobytes() instead.
  tensor_proto.tensor_content = nparray.tostring()
/home/hz/anaconda3/envs/py36/lib/python3.6/site-packages/tensorflow/python/framework/tensor_util.py:507: DeprecationWarning: tostring() is deprecated. Use tobytes() instead.
  tensor_proto.tensor_content = nparray.tostring()
/home/hz/anaconda3/envs/py36/lib/python3.6/site-packages/tensorflow/python/framework/tensor_util.py:507: DeprecationWarning: tostring() is deprecated. Use tobytes() instead.
  tensor_proto.tensor_content = nparray.tostring()
/home/hz/anaconda3/envs/py36/lib/python3.6/site-packages/tensorflow/python/framework/tensor_util.py:507: DeprecationWarning: tostring() is deprecated. Use tobytes() instead.
  tensor_proto.tensor_content = nparray.tostring()
/home/hz/anaconda3/envs/py36/lib/python3.6/site-packages/tensorflow/python/framework/tensor_util.py:507: DeprecationWarning: tostring() is deprecated. Use tobytes() instead.
  tensor_proto.tensor_content = nparray.tostring()
/home/hz/anaconda3/envs/py36/lib/python3.6/site-packages/tensorflow/python/framework/tensor_util.py:507: DeprecationWarning: tostring() is deprecated. Use tobytes() instead.
  tensor_proto.tensor_content = nparray.tostring()
/home/hz/anaconda3/envs/py36/lib/python3.6/site-packages/tensorflow/python/framework/tensor_util.py:507: DeprecationWarning: tostring() is deprecated. Use tobytes() instead.
  tensor_proto.tensor_content = nparray.tostring()
/home/hz/anaconda3/envs/py36/lib/python3.6/site-packages/tensorflow/python/framework/tensor_util.py:507: DeprecationWarning: tostring() is deprecated. Use tobytes() instead.
  tensor_proto.tensor_content = nparray.tostring()
/home/hz/anaconda3/envs/py36/lib/python3.6/site-packages/tensorflow/python/framework/tensor_util.py:507: DeprecationWarning: tostring() is deprecated. Use tobytes() instead.
  tensor_proto.tensor_content = nparray.tostring()
/home/hz/anaconda3/envs/py36/lib/python3.6/site-packages/tensorflow/python/framework/tensor_util.py:507: DeprecationWarning: tostring() is deprecated. Use tobytes() instead.
  tensor_proto.tensor_content = nparray.tostring()
/home/hz/anaconda3/envs/py36/lib/python3.6/site-packages/tensorflow/python/framework/tensor_util.py:507: DeprecationWarning: tostring() is deprecated. Use tobytes() instead.
  tensor_proto.tensor_content = nparray.tostring()
/home/hz/anaconda3/envs/py36/lib/python3.6/site-packages/tensorflow/python/framework/tensor_util.py:507: DeprecationWarning: tostring() is deprecated. Use tobytes() instead.
  tensor_proto.tensor_content = nparray.tostring()
/home/hz/anaconda3/envs/py36/lib/python3.6/site-packages/tensorflow/python/framework/tensor_util.py:507: DeprecationWarning: tostring() is deprecated. Use tobytes() instead.
  tensor_proto.tensor_content = nparray.tostring()
/home/hz/anaconda3/envs/py36/lib/python3.6/site-packages/tensorflow/python/framework/tensor_util.py:507: DeprecationWarning: tostring() is deprecated. Use tobytes() instead.
  tensor_proto.tensor_content = nparray.tostring()
/home/hz/anaconda3/envs/py36/lib/python3.6/site-packages/tensorflow/python/framework/tensor_util.py:507: DeprecationWarning: tostring() is deprecated. Use tobytes() instead.
  tensor_proto.tensor_content = nparray.tostring()
/home/hz/anaconda3/envs/py36/lib/python3.6/site-packages/tensorflow/python/framework/tensor_util.py:507: DeprecationWarning: tostring() is deprecated. Use tobytes() instead.
  tensor_proto.tensor_content = nparray.tostring()
/home/hz/anaconda3/envs/py36/lib/python3.6/site-packages/tensorflow/python/framework/tensor_util.py:507: DeprecationWarning: tostring() is deprecated. Use tobytes() instead.
  tensor_proto.tensor_content = nparray.tostring()
/home/hz/anaconda3/envs/py36/lib/python3.6/site-packages/tensorflow/python/framework/tensor_util.py:507: DeprecationWarning: tostring() is deprecated. Use tobytes() instead.
  tensor_proto.tensor_content = nparray.tostring()
/home/hz/anaconda3/envs/py36/lib/python3.6/site-packages/tensorflow/python/framework/tensor_util.py:507: DeprecationWarning: tostring() is deprecated. Use tobytes() instead.
  tensor_proto.tensor_content = nparray.tostring()
/home/hz/anaconda3/envs/py36/lib/python3.6/site-packages/tensorflow/python/framework/tensor_util.py:507: DeprecationWarning: tostring() is deprecated. Use tobytes() instead.
  tensor_proto.tensor_content = nparray.tostring()
/home/hz/anaconda3/envs/py36/lib/python3.6/site-packages/tensorflow/python/framework/tensor_util.py:507: DeprecationWarning: tostring() is deprecated. Use tobytes() instead.
  tensor_proto.tensor_content = nparray.tostring()
/home/hz/anaconda3/envs/py36/lib/python3.6/site-packages/tensorflow/python/framework/tensor_util.py:507: DeprecationWarning: tostring() is deprecated. Use tobytes() instead.
  tensor_proto.tensor_content = nparray.tostring()
/home/hz/anaconda3/envs/py36/lib/python3.6/site-packages/tensorflow/python/framework/tensor_util.py:507: DeprecationWarning: tostring() is deprecated. Use tobytes() instead.
  tensor_proto.tensor_content = nparray.tostring()
/home/hz/anaconda3/envs/py36/lib/python3.6/site-packages/tensorflow/python/framework/tensor_util.py:507: DeprecationWarning: tostring() is deprecated. Use tobytes() instead.
  tensor_proto.tensor_content = nparray.tostring()
/home/hz/anaconda3/envs/py36/lib/python3.6/site-packages/tensorflow/python/framework/tensor_util.py:507: DeprecationWarning: tostring() is deprecated. Use tobytes() instead.
  tensor_proto.tensor_content = nparray.tostring()
/home/hz/anaconda3/envs/py36/lib/python3.6/site-packages/tensorflow/python/framework/tensor_util.py:507: DeprecationWarning: tostring() is deprecated. Use tobytes() instead.
  tensor_proto.tensor_content = nparray.tostring()
/home/hz/anaconda3/envs/py36/lib/python3.6/site-packages/tensorflow/python/framework/tensor_util.py:507: DeprecationWarning: tostring() is deprecated. Use tobytes() instead.
  tensor_proto.tensor_content = nparray.tostring()
/home/hz/anaconda3/envs/py36/lib/python3.6/site-packages/tensorflow/python/framework/tensor_util.py:507: DeprecationWarning: tostring() is deprecated. Use tobytes() instead.
  tensor_proto.tensor_content = nparray.tostring()
/home/hz/anaconda3/envs/py36/lib/python3.6/site-packages/tensorflow/python/framework/tensor_util.py:507: DeprecationWarning: tostring() is deprecated. Use tobytes() instead.
  tensor_proto.tensor_content = nparray.tostring()
/home/hz/anaconda3/envs/py36/lib/python3.6/site-packages/tensorflow/python/framework/tensor_util.py:507: DeprecationWarning: tostring() is deprecated. Use tobytes() instead.
  tensor_proto.tensor_content = nparray.tostring()
/home/hz/anaconda3/envs/py36/lib/python3.6/site-packages/tensorflow/python/framework/tensor_util.py:507: DeprecationWarning: tostring() is deprecated. Use tobytes() instead.
  tensor_proto.tensor_content = nparray.tostring()
/home/hz/anaconda3/envs/py36/lib/python3.6/site-packages/tensorflow/python/framework/tensor_util.py:507: DeprecationWarning: tostring() is deprecated. Use tobytes() instead.
  tensor_proto.tensor_content = nparray.tostring()
/home/hz/anaconda3/envs/py36/lib/python3.6/site-packages/tensorflow/python/framework/tensor_util.py:507: DeprecationWarning: tostring() is deprecated. Use tobytes() instead.
  tensor_proto.tensor_content = nparray.tostring()
/home/hz/anaconda3/envs/py36/lib/python3.6/site-packages/tensorflow/python/framework/tensor_util.py:507: DeprecationWarning: tostring() is deprecated. Use tobytes() instead.
  tensor_proto.tensor_content = nparray.tostring()
/home/hz/anaconda3/envs/py36/lib/python3.6/site-packages/tensorflow/python/framework/tensor_util.py:507: DeprecationWarning: tostring() is deprecated. Use tobytes() instead.
  tensor_proto.tensor_content = nparray.tostring()
/home/hz/anaconda3/envs/py36/lib/python3.6/site-packages/tensorflow/python/framework/tensor_util.py:507: DeprecationWarning: tostring() is deprecated. Use tobytes() instead.
  tensor_proto.tensor_content = nparray.tostring()
/home/hz/anaconda3/envs/py36/lib/python3.6/site-packages/tensorflow/python/framework/tensor_util.py:507: DeprecationWarning: tostring() is deprecated. Use tobytes() instead.
  tensor_proto.tensor_content = nparray.tostring()
/home/hz/anaconda3/envs/py36/lib/python3.6/site-packages/tensorflow/python/framework/tensor_util.py:507: DeprecationWarning: tostring() is deprecated. Use tobytes() instead.
  tensor_proto.tensor_content = nparray.tostring()
/home/hz/anaconda3/envs/py36/lib/python3.6/site-packages/tensorflow/python/framework/tensor_util.py:507: DeprecationWarning: tostring() is deprecated. Use tobytes() instead.
  tensor_proto.tensor_content = nparray.tostring()
/home/hz/anaconda3/envs/py36/lib/python3.6/site-packages/tensorflow/python/framework/tensor_util.py:507: DeprecationWarning: tostring() is deprecated. Use tobytes() instead.
  tensor_proto.tensor_content = nparray.tostring()
/home/hz/anaconda3/envs/py36/lib/python3.6/site-packages/tensorflow/python/framework/tensor_util.py:507: DeprecationWarning: tostring() is deprecated. Use tobytes() instead.
  tensor_proto.tensor_content = nparray.tostring()
/home/hz/anaconda3/envs/py36/lib/python3.6/site-packages/tensorflow/python/framework/tensor_util.py:507: DeprecationWarning: tostring() is deprecated. Use tobytes() instead.
  tensor_proto.tensor_content = nparray.tostring()
/home/hz/anaconda3/envs/py36/lib/python3.6/site-packages/tensorflow/python/framework/tensor_util.py:507: DeprecationWarning: tostring() is deprecated. Use tobytes() instead.
  tensor_proto.tensor_content = nparray.tostring()
/home/hz/anaconda3/envs/py36/lib/python3.6/site-packages/tensorflow/python/framework/tensor_util.py:507: DeprecationWarning: tostring() is deprecated. Use tobytes() instead.
  tensor_proto.tensor_content = nparray.tostring()
/home/hz/anaconda3/envs/py36/lib/python3.6/site-packages/tensorflow/python/framework/tensor_util.py:507: DeprecationWarning: tostring() is deprecated. Use tobytes() instead.
  tensor_proto.tensor_content = nparray.tostring()
/home/hz/anaconda3/envs/py36/lib/python3.6/site-packages/tensorflow/python/framework/tensor_util.py:507: DeprecationWarning: tostring() is deprecated. Use tobytes() instead.
  tensor_proto.tensor_content = nparray.tostring()
/home/hz/anaconda3/envs/py36/lib/python3.6/site-packages/tensorflow/python/framework/tensor_util.py:507: DeprecationWarning: tostring() is deprecated. Use tobytes() instead.
  tensor_proto.tensor_content = nparray.tostring()
/home/hz/anaconda3/envs/py36/lib/python3.6/site-packages/tensorflow/python/framework/tensor_util.py:507: DeprecationWarning: tostring() is deprecated. Use tobytes() instead.
  tensor_proto.tensor_content = nparray.tostring()
/home/hz/anaconda3/envs/py36/lib/python3.6/site-packages/tensorflow/python/framework/tensor_util.py:507: DeprecationWarning: tostring() is deprecated. Use tobytes() instead.
  tensor_proto.tensor_content = nparray.tostring()
/home/hz/anaconda3/envs/py36/lib/python3.6/site-packages/tensorflow/python/framework/tensor_util.py:507: DeprecationWarning: tostring() is deprecated. Use tobytes() instead.
  tensor_proto.tensor_content = nparray.tostring()
/home/hz/anaconda3/envs/py36/lib/python3.6/site-packages/tensorflow/python/framework/tensor_util.py:507: DeprecationWarning: tostring() is deprecated. Use tobytes() instead.
  tensor_proto.tensor_content = nparray.tostring()
/home/hz/anaconda3/envs/py36/lib/python3.6/site-packages/tensorflow/python/framework/tensor_util.py:507: DeprecationWarning: tostring() is deprecated. Use tobytes() instead.
  tensor_proto.tensor_content = nparray.tostring()
/home/hz/anaconda3/envs/py36/lib/python3.6/site-packages/tensorflow/python/framework/tensor_util.py:507: DeprecationWarning: tostring() is deprecated. Use tobytes() instead.
  tensor_proto.tensor_content = nparray.tostring()
/home/hz/anaconda3/envs/py36/lib/python3.6/site-packages/tensorflow/python/framework/tensor_util.py:507: DeprecationWarning: tostring() is deprecated. Use tobytes() instead.
  tensor_proto.tensor_content = nparray.tostring()
/home/hz/anaconda3/envs/py36/lib/python3.6/site-packages/tensorflow/python/framework/tensor_util.py:507: DeprecationWarning: tostring() is deprecated. Use tobytes() instead.
  tensor_proto.tensor_content = nparray.tostring()
/home/hz/anaconda3/envs/py36/lib/python3.6/site-packages/tensorflow/python/framework/tensor_util.py:507: DeprecationWarning: tostring() is deprecated. Use tobytes() instead.
  tensor_proto.tensor_content = nparray.tostring()
/home/hz/anaconda3/envs/py36/lib/python3.6/site-packages/tensorflow/python/framework/tensor_util.py:507: DeprecationWarning: tostring() is deprecated. Use tobytes() instead.
  tensor_proto.tensor_content = nparray.tostring()
/home/hz/anaconda3/envs/py36/lib/python3.6/site-packages/tensorflow/python/framework/tensor_util.py:507: DeprecationWarning: tostring() is deprecated. Use tobytes() instead.
  tensor_proto.tensor_content = nparray.tostring()
/home/hz/anaconda3/envs/py36/lib/python3.6/site-packages/tensorflow/python/framework/tensor_util.py:507: DeprecationWarning: tostring() is deprecated. Use tobytes() instead.
  tensor_proto.tensor_content = nparray.tostring()
/home/hz/anaconda3/envs/py36/lib/python3.6/site-packages/tensorflow/python/framework/tensor_util.py:507: DeprecationWarning: tostring() is deprecated. Use tobytes() instead.
  tensor_proto.tensor_content = nparray.tostring()
/home/hz/anaconda3/envs/py36/lib/python3.6/site-packages/tensorflow/python/framework/tensor_util.py:507: DeprecationWarning: tostring() is deprecated. Use tobytes() instead.
  tensor_proto.tensor_content = nparray.tostring()
/home/hz/anaconda3/envs/py36/lib/python3.6/site-packages/tensorflow/python/framework/tensor_util.py:507: DeprecationWarning: tostring() is deprecated. Use tobytes() instead.
  tensor_proto.tensor_content = nparray.tostring()
/home/hz/anaconda3/envs/py36/lib/python3.6/site-packages/tensorflow/python/framework/tensor_util.py:507: DeprecationWarning: tostring() is deprecated. Use tobytes() instead.
  tensor_proto.tensor_content = nparray.tostring()
/home/hz/anaconda3/envs/py36/lib/python3.6/site-packages/tensorflow/python/framework/tensor_util.py:507: DeprecationWarning: tostring() is deprecated. Use tobytes() instead.
  tensor_proto.tensor_content = nparray.tostring()
/home/hz/anaconda3/envs/py36/lib/python3.6/site-packages/tensorflow/python/framework/tensor_util.py:507: DeprecationWarning: tostring() is deprecated. Use tobytes() instead.
  tensor_proto.tensor_content = nparray.tostring()
/home/hz/anaconda3/envs/py36/lib/python3.6/site-packages/tensorflow/python/framework/tensor_util.py:507: DeprecationWarning: tostring() is deprecated. Use tobytes() instead.
  tensor_proto.tensor_content = nparray.tostring()
/home/hz/anaconda3/envs/py36/lib/python3.6/site-packages/tensorflow/python/framework/tensor_util.py:507: DeprecationWarning: tostring() is deprecated. Use tobytes() instead.
  tensor_proto.tensor_content = nparray.tostring()
/home/hz/anaconda3/envs/py36/lib/python3.6/site-packages/tensorflow/python/framework/tensor_util.py:507: DeprecationWarning: tostring() is deprecated. Use tobytes() instead.
  tensor_proto.tensor_content = nparray.tostring()
/home/hz/anaconda3/envs/py36/lib/python3.6/site-packages/tensorflow/python/framework/tensor_util.py:507: DeprecationWarning: tostring() is deprecated. Use tobytes() instead.
  tensor_proto.tensor_content = nparray.tostring()
/home/hz/anaconda3/envs/py36/lib/python3.6/site-packages/tensorflow/python/framework/tensor_util.py:507: DeprecationWarning: tostring() is deprecated. Use tobytes() instead.
  tensor_proto.tensor_content = nparray.tostring()
/home/hz/anaconda3/envs/py36/lib/python3.6/site-packages/tensorflow/python/framework/tensor_util.py:507: DeprecationWarning: tostring() is deprecated. Use tobytes() instead.
  tensor_proto.tensor_content = nparray.tostring()
/home/hz/anaconda3/envs/py36/lib/python3.6/site-packages/tensorflow/python/framework/tensor_util.py:507: DeprecationWarning: tostring() is deprecated. Use tobytes() instead.
  tensor_proto.tensor_content = nparray.tostring()
/home/hz/anaconda3/envs/py36/lib/python3.6/site-packages/tensorflow/python/framework/tensor_util.py:507: DeprecationWarning: tostring() is deprecated. Use tobytes() instead.
  tensor_proto.tensor_content = nparray.tostring()
/home/hz/anaconda3/envs/py36/lib/python3.6/site-packages/tensorflow/python/framework/tensor_util.py:507: DeprecationWarning: tostring() is deprecated. Use tobytes() instead.
  tensor_proto.tensor_content = nparray.tostring()
/home/hz/anaconda3/envs/py36/lib/python3.6/site-packages/tensorflow/python/framework/tensor_util.py:507: DeprecationWarning: tostring() is deprecated. Use tobytes() instead.
  tensor_proto.tensor_content = nparray.tostring()
/home/hz/anaconda3/envs/py36/lib/python3.6/site-packages/tensorflow/python/framework/tensor_util.py:507: DeprecationWarning: tostring() is deprecated. Use tobytes() instead.
  tensor_proto.tensor_content = nparray.tostring()
/home/hz/anaconda3/envs/py36/lib/python3.6/site-packages/tensorflow/python/framework/tensor_util.py:507: DeprecationWarning: tostring() is deprecated. Use tobytes() instead.
  tensor_proto.tensor_content = nparray.tostring()
/home/hz/anaconda3/envs/py36/lib/python3.6/site-packages/tensorflow/python/framework/tensor_util.py:507: DeprecationWarning: tostring() is deprecated. Use tobytes() instead.
  tensor_proto.tensor_content = nparray.tostring()
/home/hz/anaconda3/envs/py36/lib/python3.6/site-packages/tensorflow/python/framework/tensor_util.py:507: DeprecationWarning: tostring() is deprecated. Use tobytes() instead.
  tensor_proto.tensor_content = nparray.tostring()
/home/hz/anaconda3/envs/py36/lib/python3.6/site-packages/tensorflow/python/framework/tensor_util.py:507: DeprecationWarning: tostring() is deprecated. Use tobytes() instead.
  tensor_proto.tensor_content = nparray.tostring()
/home/hz/anaconda3/envs/py36/lib/python3.6/site-packages/tensorflow/python/framework/tensor_util.py:507: DeprecationWarning: tostring() is deprecated. Use tobytes() instead.
  tensor_proto.tensor_content = nparray.tostring()
/home/hz/anaconda3/envs/py36/lib/python3.6/site-packages/tensorflow/python/framework/tensor_util.py:507: DeprecationWarning: tostring() is deprecated. Use tobytes() instead.
  tensor_proto.tensor_content = nparray.tostring()
/home/hz/anaconda3/envs/py36/lib/python3.6/site-packages/tensorflow/python/framework/tensor_util.py:507: DeprecationWarning: tostring() is deprecated. Use tobytes() instead.
  tensor_proto.tensor_content = nparray.tostring()
/home/hz/anaconda3/envs/py36/lib/python3.6/site-packages/tensorflow/python/framework/tensor_util.py:507: DeprecationWarning: tostring() is deprecated. Use tobytes() instead.
  tensor_proto.tensor_content = nparray.tostring()
/home/hz/anaconda3/envs/py36/lib/python3.6/site-packages/tensorflow/python/framework/tensor_util.py:507: DeprecationWarning: tostring() is deprecated. Use tobytes() instead.
  tensor_proto.tensor_content = nparray.tostring()
/home/hz/anaconda3/envs/py36/lib/python3.6/site-packages/tensorflow/python/framework/tensor_util.py:507: DeprecationWarning: tostring() is deprecated. Use tobytes() instead.
  tensor_proto.tensor_content = nparray.tostring()
/home/hz/anaconda3/envs/py36/lib/python3.6/site-packages/tensorflow/python/framework/tensor_util.py:507: DeprecationWarning: tostring() is deprecated. Use tobytes() instead.
  tensor_proto.tensor_content = nparray.tostring()
/home/hz/anaconda3/envs/py36/lib/python3.6/site-packages/tensorflow/python/framework/tensor_util.py:507: DeprecationWarning: tostring() is deprecated. Use tobytes() instead.
  tensor_proto.tensor_content = nparray.tostring()
/home/hz/anaconda3/envs/py36/lib/python3.6/site-packages/tensorflow/python/framework/tensor_util.py:507: DeprecationWarning: tostring() is deprecated. Use tobytes() instead.
  tensor_proto.tensor_content = nparray.tostring()
/home/hz/anaconda3/envs/py36/lib/python3.6/site-packages/tensorflow/python/framework/tensor_util.py:507: DeprecationWarning: tostring() is deprecated. Use tobytes() instead.
  tensor_proto.tensor_content = nparray.tostring()
/home/hz/anaconda3/envs/py36/lib/python3.6/site-packages/tensorflow/python/framework/tensor_util.py:507: DeprecationWarning: tostring() is deprecated. Use tobytes() instead.
  tensor_proto.tensor_content = nparray.tostring()
/home/hz/anaconda3/envs/py36/lib/python3.6/site-packages/tensorflow/python/framework/tensor_util.py:507: DeprecationWarning: tostring() is deprecated. Use tobytes() instead.
  tensor_proto.tensor_content = nparray.tostring()
/home/hz/anaconda3/envs/py36/lib/python3.6/site-packages/tensorflow/python/framework/tensor_util.py:507: DeprecationWarning: tostring() is deprecated. Use tobytes() instead.
  tensor_proto.tensor_content = nparray.tostring()
/home/hz/anaconda3/envs/py36/lib/python3.6/site-packages/tensorflow/python/framework/tensor_util.py:507: DeprecationWarning: tostring() is deprecated. Use tobytes() instead.
  tensor_proto.tensor_content = nparray.tostring()
/home/hz/anaconda3/envs/py36/lib/python3.6/site-packages/tensorflow/python/framework/tensor_util.py:507: DeprecationWarning: tostring() is deprecated. Use tobytes() instead.
  tensor_proto.tensor_content = nparray.tostring()
/home/hz/anaconda3/envs/py36/lib/python3.6/site-packages/tensorflow/python/framework/tensor_util.py:507: DeprecationWarning: tostring() is deprecated. Use tobytes() instead.
  tensor_proto.tensor_content = nparray.tostring()
/home/hz/anaconda3/envs/py36/lib/python3.6/site-packages/tensorflow/python/framework/tensor_util.py:507: DeprecationWarning: tostring() is deprecated. Use tobytes() instead.
  tensor_proto.tensor_content = nparray.tostring()
/home/hz/anaconda3/envs/py36/lib/python3.6/site-packages/tensorflow/python/framework/tensor_util.py:507: DeprecationWarning: tostring() is deprecated. Use tobytes() instead.
  tensor_proto.tensor_content = nparray.tostring()
/home/hz/anaconda3/envs/py36/lib/python3.6/site-packages/tensorflow/python/framework/tensor_util.py:507: DeprecationWarning: tostring() is deprecated. Use tobytes() instead.
  tensor_proto.tensor_content = nparray.tostring()
/home/hz/anaconda3/envs/py36/lib/python3.6/site-packages/tensorflow/python/framework/tensor_util.py:507: DeprecationWarning: tostring() is deprecated. Use tobytes() instead.
  tensor_proto.tensor_content = nparray.tostring()
/home/hz/anaconda3/envs/py36/lib/python3.6/site-packages/tensorflow/python/framework/tensor_util.py:507: DeprecationWarning: tostring() is deprecated. Use tobytes() instead.
  tensor_proto.tensor_content = nparray.tostring()
/home/hz/anaconda3/envs/py36/lib/python3.6/site-packages/tensorflow/python/framework/tensor_util.py:507: DeprecationWarning: tostring() is deprecated. Use tobytes() instead.
  tensor_proto.tensor_content = nparray.tostring()
/home/hz/anaconda3/envs/py36/lib/python3.6/site-packages/tensorflow/python/framework/tensor_util.py:507: DeprecationWarning: tostring() is deprecated. Use tobytes() instead.
  tensor_proto.tensor_content = nparray.tostring()
/home/hz/anaconda3/envs/py36/lib/python3.6/site-packages/tensorflow/python/framework/tensor_util.py:507: DeprecationWarning: tostring() is deprecated. Use tobytes() instead.
  tensor_proto.tensor_content = nparray.tostring()
/home/hz/anaconda3/envs/py36/lib/python3.6/site-packages/tensorflow/python/framework/tensor_util.py:507: DeprecationWarning: tostring() is deprecated. Use tobytes() instead.
  tensor_proto.tensor_content = nparray.tostring()
/home/hz/anaconda3/envs/py36/lib/python3.6/site-packages/tensorflow/python/framework/tensor_util.py:507: DeprecationWarning: tostring() is deprecated. Use tobytes() instead.
  tensor_proto.tensor_content = nparray.tostring()
/home/hz/anaconda3/envs/py36/lib/python3.6/site-packages/tensorflow/python/framework/tensor_util.py:507: DeprecationWarning: tostring() is deprecated. Use tobytes() instead.
  tensor_proto.tensor_content = nparray.tostring()
/home/hz/anaconda3/envs/py36/lib/python3.6/site-packages/tensorflow/python/framework/tensor_util.py:507: DeprecationWarning: tostring() is deprecated. Use tobytes() instead.
  tensor_proto.tensor_content = nparray.tostring()
/home/hz/anaconda3/envs/py36/lib/python3.6/site-packages/tensorflow/python/framework/tensor_util.py:507: DeprecationWarning: tostring() is deprecated. Use tobytes() instead.
  tensor_proto.tensor_content = nparray.tostring()
/home/hz/anaconda3/envs/py36/lib/python3.6/site-packages/tensorflow/python/framework/tensor_util.py:507: DeprecationWarning: tostring() is deprecated. Use tobytes() instead.
  tensor_proto.tensor_content = nparray.tostring()
/home/hz/anaconda3/envs/py36/lib/python3.6/site-packages/tensorflow/python/framework/tensor_util.py:507: DeprecationWarning: tostring() is deprecated. Use tobytes() instead.
  tensor_proto.tensor_content = nparray.tostring()
/home/hz/anaconda3/envs/py36/lib/python3.6/site-packages/tensorflow/python/framework/tensor_util.py:507: DeprecationWarning: tostring() is deprecated. Use tobytes() instead.
  tensor_proto.tensor_content = nparray.tostring()
/home/hz/anaconda3/envs/py36/lib/python3.6/site-packages/tensorflow/python/framework/tensor_util.py:507: DeprecationWarning: tostring() is deprecated. Use tobytes() instead.
  tensor_proto.tensor_content = nparray.tostring()
/home/hz/anaconda3/envs/py36/lib/python3.6/site-packages/tensorflow/python/framework/tensor_util.py:507: DeprecationWarning: tostring() is deprecated. Use tobytes() instead.
  tensor_proto.tensor_content = nparray.tostring()
/home/hz/anaconda3/envs/py36/lib/python3.6/site-packages/tensorflow/python/framework/tensor_util.py:507: DeprecationWarning: tostring() is deprecated. Use tobytes() instead.
  tensor_proto.tensor_content = nparray.tostring()
/home/hz/anaconda3/envs/py36/lib/python3.6/site-packages/tensorflow/python/framework/tensor_util.py:507: DeprecationWarning: tostring() is deprecated. Use tobytes() instead.
  tensor_proto.tensor_content = nparray.tostring()
/home/hz/anaconda3/envs/py36/lib/python3.6/site-packages/tensorflow/python/framework/tensor_util.py:507: DeprecationWarning: tostring() is deprecated. Use tobytes() instead.
  tensor_proto.tensor_content = nparray.tostring()
/home/hz/anaconda3/envs/py36/lib/python3.6/site-packages/tensorflow/python/framework/tensor_util.py:507: DeprecationWarning: tostring() is deprecated. Use tobytes() instead.
  tensor_proto.tensor_content = nparray.tostring()
/home/hz/anaconda3/envs/py36/lib/python3.6/site-packages/tensorflow/python/framework/tensor_util.py:507: DeprecationWarning: tostring() is deprecated. Use tobytes() instead.
  tensor_proto.tensor_content = nparray.tostring()
/home/hz/anaconda3/envs/py36/lib/python3.6/site-packages/tensorflow/python/framework/tensor_util.py:507: DeprecationWarning: tostring() is deprecated. Use tobytes() instead.
  tensor_proto.tensor_content = nparray.tostring()
/home/hz/anaconda3/envs/py36/lib/python3.6/site-packages/tensorflow/python/framework/tensor_util.py:507: DeprecationWarning: tostring() is deprecated. Use tobytes() instead.
  tensor_proto.tensor_content = nparray.tostring()
/home/hz/anaconda3/envs/py36/lib/python3.6/site-packages/tensorflow/python/framework/tensor_util.py:507: DeprecationWarning: tostring() is deprecated. Use tobytes() instead.
  tensor_proto.tensor_content = nparray.tostring()
/home/hz/anaconda3/envs/py36/lib/python3.6/site-packages/tensorflow/python/framework/tensor_util.py:507: DeprecationWarning: tostring() is deprecated. Use tobytes() instead.
  tensor_proto.tensor_content = nparray.tostring()
/home/hz/anaconda3/envs/py36/lib/python3.6/site-packages/tensorflow/python/framework/tensor_util.py:507: DeprecationWarning: tostring() is deprecated. Use tobytes() instead.
  tensor_proto.tensor_content = nparray.tostring()
/home/hz/anaconda3/envs/py36/lib/python3.6/site-packages/tensorflow/python/framework/tensor_util.py:507: DeprecationWarning: tostring() is deprecated. Use tobytes() instead.
  tensor_proto.tensor_content = nparray.tostring()
/home/hz/anaconda3/envs/py36/lib/python3.6/site-packages/tensorflow/python/framework/tensor_util.py:507: DeprecationWarning: tostring() is deprecated. Use tobytes() instead.
  tensor_proto.tensor_content = nparray.tostring()
/home/hz/anaconda3/envs/py36/lib/python3.6/site-packages/tensorflow/python/framework/tensor_util.py:507: DeprecationWarning: tostring() is deprecated. Use tobytes() instead.
  tensor_proto.tensor_content = nparray.tostring()
/home/hz/anaconda3/envs/py36/lib/python3.6/site-packages/tensorflow/python/framework/tensor_util.py:507: DeprecationWarning: tostring() is deprecated. Use tobytes() instead.
  tensor_proto.tensor_content = nparray.tostring()
/home/hz/anaconda3/envs/py36/lib/python3.6/site-packages/tensorflow/python/framework/tensor_util.py:507: DeprecationWarning: tostring() is deprecated. Use tobytes() instead.
  tensor_proto.tensor_content = nparray.tostring()
/home/hz/anaconda3/envs/py36/lib/python3.6/site-packages/tensorflow/python/framework/tensor_util.py:507: DeprecationWarning: tostring() is deprecated. Use tobytes() instead.
  tensor_proto.tensor_content = nparray.tostring()
/home/hz/anaconda3/envs/py36/lib/python3.6/site-packages/tensorflow/python/framework/tensor_util.py:507: DeprecationWarning: tostring() is deprecated. Use tobytes() instead.
  tensor_proto.tensor_content = nparray.tostring()
/home/hz/anaconda3/envs/py36/lib/python3.6/site-packages/tensorflow/python/framework/tensor_util.py:507: DeprecationWarning: tostring() is deprecated. Use tobytes() instead.
  tensor_proto.tensor_content = nparray.tostring()
/home/hz/anaconda3/envs/py36/lib/python3.6/site-packages/tensorflow/python/framework/tensor_util.py:507: DeprecationWarning: tostring() is deprecated. Use tobytes() instead.
  tensor_proto.tensor_content = nparray.tostring()
/home/hz/anaconda3/envs/py36/lib/python3.6/site-packages/tensorflow/python/framework/tensor_util.py:507: DeprecationWarning: tostring() is deprecated. Use tobytes() instead.
  tensor_proto.tensor_content = nparray.tostring()
/home/hz/anaconda3/envs/py36/lib/python3.6/site-packages/tensorflow/python/framework/tensor_util.py:507: DeprecationWarning: tostring() is deprecated. Use tobytes() instead.
  tensor_proto.tensor_content = nparray.tostring()
/home/hz/anaconda3/envs/py36/lib/python3.6/site-packages/tensorflow/python/framework/tensor_util.py:507: DeprecationWarning: tostring() is deprecated. Use tobytes() instead.
  tensor_proto.tensor_content = nparray.tostring()
/home/hz/anaconda3/envs/py36/lib/python3.6/site-packages/tensorflow/python/framework/tensor_util.py:507: DeprecationWarning: tostring() is deprecated. Use tobytes() instead.
  tensor_proto.tensor_content = nparray.tostring()
/home/hz/anaconda3/envs/py36/lib/python3.6/site-packages/tensorflow/python/framework/tensor_util.py:507: DeprecationWarning: tostring() is deprecated. Use tobytes() instead.
  tensor_proto.tensor_content = nparray.tostring()
/home/hz/anaconda3/envs/py36/lib/python3.6/site-packages/tensorflow/python/framework/tensor_util.py:507: DeprecationWarning: tostring() is deprecated. Use tobytes() instead.
  tensor_proto.tensor_content = nparray.tostring()
/home/hz/anaconda3/envs/py36/lib/python3.6/site-packages/tensorflow/python/framework/tensor_util.py:507: DeprecationWarning: tostring() is deprecated. Use tobytes() instead.
  tensor_proto.tensor_content = nparray.tostring()
/home/hz/anaconda3/envs/py36/lib/python3.6/site-packages/tensorflow/python/framework/tensor_util.py:507: DeprecationWarning: tostring() is deprecated. Use tobytes() instead.
  tensor_proto.tensor_content = nparray.tostring()
/home/hz/anaconda3/envs/py36/lib/python3.6/site-packages/tensorflow/python/framework/tensor_util.py:507: DeprecationWarning: tostring() is deprecated. Use tobytes() instead.
  tensor_proto.tensor_content = nparray.tostring()
/home/hz/anaconda3/envs/py36/lib/python3.6/site-packages/tensorflow/python/framework/tensor_util.py:507: DeprecationWarning: tostring() is deprecated. Use tobytes() instead.
  tensor_proto.tensor_content = nparray.tostring()
/home/hz/anaconda3/envs/py36/lib/python3.6/site-packages/tensorflow/python/framework/tensor_util.py:507: DeprecationWarning: tostring() is deprecated. Use tobytes() instead.
  tensor_proto.tensor_content = nparray.tostring()
/home/hz/anaconda3/envs/py36/lib/python3.6/site-packages/tensorflow/python/framework/tensor_util.py:507: DeprecationWarning: tostring() is deprecated. Use tobytes() instead.
  tensor_proto.tensor_content = nparray.tostring()
/home/hz/anaconda3/envs/py36/lib/python3.6/site-packages/tensorflow/python/framework/tensor_util.py:507: DeprecationWarning: tostring() is deprecated. Use tobytes() instead.
  tensor_proto.tensor_content = nparray.tostring()
/home/hz/anaconda3/envs/py36/lib/python3.6/site-packages/tensorflow/python/framework/tensor_util.py:507: DeprecationWarning: tostring() is deprecated. Use tobytes() instead.
  tensor_proto.tensor_content = nparray.tostring()
/home/hz/anaconda3/envs/py36/lib/python3.6/site-packages/tensorflow/python/framework/tensor_util.py:507: DeprecationWarning: tostring() is deprecated. Use tobytes() instead.
  tensor_proto.tensor_content = nparray.tostring()
/home/hz/anaconda3/envs/py36/lib/python3.6/site-packages/tensorflow/python/framework/tensor_util.py:507: DeprecationWarning: tostring() is deprecated. Use tobytes() instead.
  tensor_proto.tensor_content = nparray.tostring()
/home/hz/anaconda3/envs/py36/lib/python3.6/site-packages/tensorflow/python/framework/tensor_util.py:507: DeprecationWarning: tostring() is deprecated. Use tobytes() instead.
  tensor_proto.tensor_content = nparray.tostring()
/home/hz/anaconda3/envs/py36/lib/python3.6/site-packages/tensorflow/python/framework/tensor_util.py:507: DeprecationWarning: tostring() is deprecated. Use tobytes() instead.
  tensor_proto.tensor_content = nparray.tostring()
/home/hz/anaconda3/envs/py36/lib/python3.6/site-packages/tensorflow/python/framework/tensor_util.py:507: DeprecationWarning: tostring() is deprecated. Use tobytes() instead.
  tensor_proto.tensor_content = nparray.tostring()
/home/hz/anaconda3/envs/py36/lib/python3.6/site-packages/tensorflow/python/framework/tensor_util.py:507: DeprecationWarning: tostring() is deprecated. Use tobytes() instead.
  tensor_proto.tensor_content = nparray.tostring()
/home/hz/anaconda3/envs/py36/lib/python3.6/site-packages/tensorflow/python/framework/tensor_util.py:507: DeprecationWarning: tostring() is deprecated. Use tobytes() instead.
  tensor_proto.tensor_content = nparray.tostring()
/home/hz/anaconda3/envs/py36/lib/python3.6/site-packages/tensorflow/python/framework/tensor_util.py:507: DeprecationWarning: tostring() is deprecated. Use tobytes() instead.
  tensor_proto.tensor_content = nparray.tostring()
/home/hz/anaconda3/envs/py36/lib/python3.6/site-packages/tensorflow/python/framework/tensor_util.py:507: DeprecationWarning: tostring() is deprecated. Use tobytes() instead.
  tensor_proto.tensor_content = nparray.tostring()
/home/hz/anaconda3/envs/py36/lib/python3.6/site-packages/tensorflow/python/framework/tensor_util.py:507: DeprecationWarning: tostring() is deprecated. Use tobytes() instead.
  tensor_proto.tensor_content = nparray.tostring()
/home/hz/anaconda3/envs/py36/lib/python3.6/site-packages/tensorflow/python/framework/tensor_util.py:507: DeprecationWarning: tostring() is deprecated. Use tobytes() instead.
  tensor_proto.tensor_content = nparray.tostring()
/home/hz/anaconda3/envs/py36/lib/python3.6/site-packages/tensorflow/python/framework/tensor_util.py:507: DeprecationWarning: tostring() is deprecated. Use tobytes() instead.
  tensor_proto.tensor_content = nparray.tostring()
/home/hz/anaconda3/envs/py36/lib/python3.6/site-packages/tensorflow/python/framework/tensor_util.py:507: DeprecationWarning: tostring() is deprecated. Use tobytes() instead.
  tensor_proto.tensor_content = nparray.tostring()
/home/hz/anaconda3/envs/py36/lib/python3.6/site-packages/tensorflow/python/framework/tensor_util.py:507: DeprecationWarning: tostring() is deprecated. Use tobytes() instead.
  tensor_proto.tensor_content = nparray.tostring()
/home/hz/anaconda3/envs/py36/lib/python3.6/site-packages/tensorflow/python/framework/tensor_util.py:507: DeprecationWarning: tostring() is deprecated. Use tobytes() instead.
  tensor_proto.tensor_content = nparray.tostring()
/home/hz/anaconda3/envs/py36/lib/python3.6/site-packages/tensorflow/python/framework/tensor_util.py:507: DeprecationWarning: tostring() is deprecated. Use tobytes() instead.
  tensor_proto.tensor_content = nparray.tostring()
/home/hz/anaconda3/envs/py36/lib/python3.6/site-packages/tensorflow/python/framework/tensor_util.py:507: DeprecationWarning: tostring() is deprecated. Use tobytes() instead.
  tensor_proto.tensor_content = nparray.tostring()
/home/hz/anaconda3/envs/py36/lib/python3.6/site-packages/tensorflow/python/framework/tensor_util.py:507: DeprecationWarning: tostring() is deprecated. Use tobytes() instead.
  tensor_proto.tensor_content = nparray.tostring()
/home/hz/anaconda3/envs/py36/lib/python3.6/site-packages/tensorflow/python/framework/tensor_util.py:507: DeprecationWarning: tostring() is deprecated. Use tobytes() instead.
  tensor_proto.tensor_content = nparray.tostring()
/home/hz/anaconda3/envs/py36/lib/python3.6/site-packages/tensorflow/python/framework/tensor_util.py:507: DeprecationWarning: tostring() is deprecated. Use tobytes() instead.
  tensor_proto.tensor_content = nparray.tostring()
/home/hz/anaconda3/envs/py36/lib/python3.6/site-packages/tensorflow/python/framework/tensor_util.py:507: DeprecationWarning: tostring() is deprecated. Use tobytes() instead.
  tensor_proto.tensor_content = nparray.tostring()
/home/hz/anaconda3/envs/py36/lib/python3.6/site-packages/tensorflow/python/framework/tensor_util.py:507: DeprecationWarning: tostring() is deprecated. Use tobytes() instead.
  tensor_proto.tensor_content = nparray.tostring()
/home/hz/anaconda3/envs/py36/lib/python3.6/site-packages/tensorflow/python/framework/tensor_util.py:507: DeprecationWarning: tostring() is deprecated. Use tobytes() instead.
  tensor_proto.tensor_content = nparray.tostring()
/home/hz/anaconda3/envs/py36/lib/python3.6/site-packages/tensorflow/python/framework/tensor_util.py:507: DeprecationWarning: tostring() is deprecated. Use tobytes() instead.
  tensor_proto.tensor_content = nparray.tostring()
/home/hz/anaconda3/envs/py36/lib/python3.6/site-packages/tensorflow/python/framework/tensor_util.py:507: DeprecationWarning: tostring() is deprecated. Use tobytes() instead.
  tensor_proto.tensor_content = nparray.tostring()
/home/hz/anaconda3/envs/py36/lib/python3.6/site-packages/tensorflow/python/framework/tensor_util.py:507: DeprecationWarning: tostring() is deprecated. Use tobytes() instead.
  tensor_proto.tensor_content = nparray.tostring()
/home/hz/anaconda3/envs/py36/lib/python3.6/site-packages/tensorflow/python/framework/tensor_util.py:507: DeprecationWarning: tostring() is deprecated. Use tobytes() instead.
  tensor_proto.tensor_content = nparray.tostring()
/home/hz/anaconda3/envs/py36/lib/python3.6/site-packages/tensorflow/python/framework/tensor_util.py:507: DeprecationWarning: tostring() is deprecated. Use tobytes() instead.
  tensor_proto.tensor_content = nparray.tostring()
/home/hz/anaconda3/envs/py36/lib/python3.6/site-packages/tensorflow/python/framework/tensor_util.py:507: DeprecationWarning: tostring() is deprecated. Use tobytes() instead.
  tensor_proto.tensor_content = nparray.tostring()
/home/hz/anaconda3/envs/py36/lib/python3.6/site-packages/tensorflow/python/framework/tensor_util.py:507: DeprecationWarning: tostring() is deprecated. Use tobytes() instead.
  tensor_proto.tensor_content = nparray.tostring()
/home/hz/anaconda3/envs/py36/lib/python3.6/site-packages/tensorflow/python/framework/tensor_util.py:507: DeprecationWarning: tostring() is deprecated. Use tobytes() instead.
  tensor_proto.tensor_content = nparray.tostring()
/home/hz/anaconda3/envs/py36/lib/python3.6/site-packages/tensorflow/python/framework/tensor_util.py:507: DeprecationWarning: tostring() is deprecated. Use tobytes() instead.
  tensor_proto.tensor_content = nparray.tostring()
/home/hz/anaconda3/envs/py36/lib/python3.6/site-packages/tensorflow/python/framework/tensor_util.py:507: DeprecationWarning: tostring() is deprecated. Use tobytes() instead.
  tensor_proto.tensor_content = nparray.tostring()
/home/hz/anaconda3/envs/py36/lib/python3.6/site-packages/tensorflow/python/framework/tensor_util.py:507: DeprecationWarning: tostring() is deprecated. Use tobytes() instead.
  tensor_proto.tensor_content = nparray.tostring()
/home/hz/anaconda3/envs/py36/lib/python3.6/site-packages/tensorflow/python/framework/tensor_util.py:507: DeprecationWarning: tostring() is deprecated. Use tobytes() instead.
  tensor_proto.tensor_content = nparray.tostring()
/home/hz/anaconda3/envs/py36/lib/python3.6/site-packages/tensorflow/python/framework/tensor_util.py:507: DeprecationWarning: tostring() is deprecated. Use tobytes() instead.
  tensor_proto.tensor_content = nparray.tostring()
/home/hz/anaconda3/envs/py36/lib/python3.6/site-packages/tensorflow/python/framework/tensor_util.py:507: DeprecationWarning: tostring() is deprecated. Use tobytes() instead.
  tensor_proto.tensor_content = nparray.tostring()
/home/hz/anaconda3/envs/py36/lib/python3.6/site-packages/tensorflow/python/framework/tensor_util.py:507: DeprecationWarning: tostring() is deprecated. Use tobytes() instead.
  tensor_proto.tensor_content = nparray.tostring()
2025-06-04 22:32:02.888510: I tensorflow/core/platform/cpu_feature_guard.cc:141] Your CPU supports instructions that this TensorFlow binary was not compiled to use: AVX2 AVX512F FMA
/home/hz/anaconda3/envs/py36/lib/python3.6/site-packages/tensorflow/python/framework/tensor_util.py:507: DeprecationWarning: tostring() is deprecated. Use tobytes() instead.
  tensor_proto.tensor_content = nparray.tostring()
/home/hz/anaconda3/envs/py36/lib/python3.6/site-packages/tensorflow/python/framework/tensor_util.py:507: DeprecationWarning: tostring() is deprecated. Use tobytes() instead.
  tensor_proto.tensor_content = nparray.tostring()
/home/hz/anaconda3/envs/py36/lib/python3.6/site-packages/tensorflow/python/framework/tensor_util.py:507: DeprecationWarning: tostring() is deprecated. Use tobytes() instead.
  tensor_proto.tensor_content = nparray.tostring()
/home/hz/anaconda3/envs/py36/lib/python3.6/site-packages/tensorflow/python/framework/tensor_util.py:507: DeprecationWarning: tostring() is deprecated. Use tobytes() instead.
  tensor_proto.tensor_content = nparray.tostring()
/home/hz/anaconda3/envs/py36/lib/python3.6/site-packages/tensorflow/python/framework/tensor_util.py:507: DeprecationWarning: tostring() is deprecated. Use tobytes() instead.
  tensor_proto.tensor_content = nparray.tostring()
/home/hz/anaconda3/envs/py36/lib/python3.6/site-packages/tensorflow/python/framework/tensor_util.py:507: DeprecationWarning: tostring() is deprecated. Use tobytes() instead.
  tensor_proto.tensor_content = nparray.tostring()
/home/hz/anaconda3/envs/py36/lib/python3.6/site-packages/tensorflow/python/framework/tensor_util.py:507: DeprecationWarning: tostring() is deprecated. Use tobytes() instead.
  tensor_proto.tensor_content = nparray.tostring()
/home/hz/anaconda3/envs/py36/lib/python3.6/site-packages/tensorflow/python/framework/tensor_util.py:507: DeprecationWarning: tostring() is deprecated. Use tobytes() instead.
  tensor_proto.tensor_content = nparray.tostring()
/home/hz/anaconda3/envs/py36/lib/python3.6/site-packages/tensorflow/python/framework/tensor_util.py:507: DeprecationWarning: tostring() is deprecated. Use tobytes() instead.
  tensor_proto.tensor_content = nparray.tostring()
/home/hz/anaconda3/envs/py36/lib/python3.6/site-packages/tensorflow/python/framework/tensor_util.py:507: DeprecationWarning: tostring() is deprecated. Use tobytes() instead.
  tensor_proto.tensor_content = nparray.tostring()
/home/hz/anaconda3/envs/py36/lib/python3.6/site-packages/tensorflow/python/framework/tensor_util.py:507: DeprecationWarning: tostring() is deprecated. Use tobytes() instead.
  tensor_proto.tensor_content = nparray.tostring()
/home/hz/anaconda3/envs/py36/lib/python3.6/site-packages/tensorflow/python/framework/tensor_util.py:507: DeprecationWarning: tostring() is deprecated. Use tobytes() instead.
  tensor_proto.tensor_content = nparray.tostring()
/home/hz/anaconda3/envs/py36/lib/python3.6/site-packages/tensorflow/python/framework/tensor_util.py:507: DeprecationWarning: tostring() is deprecated. Use tobytes() instead.
  tensor_proto.tensor_content = nparray.tostring()
/home/hz/anaconda3/envs/py36/lib/python3.6/site-packages/tensorflow/python/framework/tensor_util.py:507: DeprecationWarning: tostring() is deprecated. Use tobytes() instead.
  tensor_proto.tensor_content = nparray.tostring()
/home/hz/anaconda3/envs/py36/lib/python3.6/site-packages/tensorflow/python/framework/tensor_util.py:507: DeprecationWarning: tostring() is deprecated. Use tobytes() instead.
  tensor_proto.tensor_content = nparray.tostring()
/home/hz/anaconda3/envs/py36/lib/python3.6/site-packages/tensorflow/python/framework/tensor_util.py:507: DeprecationWarning: tostring() is deprecated. Use tobytes() instead.
  tensor_proto.tensor_content = nparray.tostring()
/home/hz/anaconda3/envs/py36/lib/python3.6/site-packages/tensorflow/python/framework/tensor_util.py:507: DeprecationWarning: tostring() is deprecated. Use tobytes() instead.
  tensor_proto.tensor_content = nparray.tostring()
/home/hz/anaconda3/envs/py36/lib/python3.6/site-packages/tensorflow/python/framework/tensor_util.py:507: DeprecationWarning: tostring() is deprecated. Use tobytes() instead.
  tensor_proto.tensor_content = nparray.tostring()
/home/hz/anaconda3/envs/py36/lib/python3.6/site-packages/tensorflow/python/framework/tensor_util.py:507: DeprecationWarning: tostring() is deprecated. Use tobytes() instead.
  tensor_proto.tensor_content = nparray.tostring()
/home/hz/anaconda3/envs/py36/lib/python3.6/site-packages/tensorflow/python/framework/tensor_util.py:507: DeprecationWarning: tostring() is deprecated. Use tobytes() instead.
  tensor_proto.tensor_content = nparray.tostring()
/home/hz/anaconda3/envs/py36/lib/python3.6/site-packages/tensorflow/python/framework/tensor_util.py:507: DeprecationWarning: tostring() is deprecated. Use tobytes() instead.
  tensor_proto.tensor_content = nparray.tostring()
/home/hz/anaconda3/envs/py36/lib/python3.6/site-packages/tensorflow/python/framework/tensor_util.py:507: DeprecationWarning: tostring() is deprecated. Use tobytes() instead.
  tensor_proto.tensor_content = nparray.tostring()
/home/hz/anaconda3/envs/py36/lib/python3.6/site-packages/tensorflow/python/framework/tensor_util.py:507: DeprecationWarning: tostring() is deprecated. Use tobytes() instead.
  tensor_proto.tensor_content = nparray.tostring()
/home/hz/anaconda3/envs/py36/lib/python3.6/site-packages/tensorflow/python/framework/tensor_util.py:507: DeprecationWarning: tostring() is deprecated. Use tobytes() instead.
  tensor_proto.tensor_content = nparray.tostring()
/home/hz/anaconda3/envs/py36/lib/python3.6/site-packages/tensorflow/python/framework/tensor_util.py:507: DeprecationWarning: tostring() is deprecated. Use tobytes() instead.
  tensor_proto.tensor_content = nparray.tostring()
/home/hz/anaconda3/envs/py36/lib/python3.6/site-packages/tensorflow/python/framework/tensor_util.py:507: DeprecationWarning: tostring() is deprecated. Use tobytes() instead.
  tensor_proto.tensor_content = nparray.tostring()
/home/hz/anaconda3/envs/py36/lib/python3.6/site-packages/tensorflow/python/framework/tensor_util.py:507: DeprecationWarning: tostring() is deprecated. Use tobytes() instead.
  tensor_proto.tensor_content = nparray.tostring()
/home/hz/anaconda3/envs/py36/lib/python3.6/site-packages/tensorflow/python/framework/tensor_util.py:507: DeprecationWarning: tostring() is deprecated. Use tobytes() instead.
  tensor_proto.tensor_content = nparray.tostring()
/home/hz/anaconda3/envs/py36/lib/python3.6/site-packages/tensorflow/python/framework/tensor_util.py:507: DeprecationWarning: tostring() is deprecated. Use tobytes() instead.
  tensor_proto.tensor_content = nparray.tostring()
/home/hz/anaconda3/envs/py36/lib/python3.6/site-packages/tensorflow/python/framework/tensor_util.py:507: DeprecationWarning: tostring() is deprecated. Use tobytes() instead.
  tensor_proto.tensor_content = nparray.tostring()
/home/hz/anaconda3/envs/py36/lib/python3.6/site-packages/tensorflow/python/framework/tensor_util.py:507: DeprecationWarning: tostring() is deprecated. Use tobytes() instead.
  tensor_proto.tensor_content = nparray.tostring()
/home/hz/anaconda3/envs/py36/lib/python3.6/site-packages/tensorflow/python/framework/tensor_util.py:507: DeprecationWarning: tostring() is deprecated. Use tobytes() instead.
  tensor_proto.tensor_content = nparray.tostring()
/home/hz/anaconda3/envs/py36/lib/python3.6/site-packages/tensorflow/python/framework/tensor_util.py:507: DeprecationWarning: tostring() is deprecated. Use tobytes() instead.
  tensor_proto.tensor_content = nparray.tostring()
/home/hz/anaconda3/envs/py36/lib/python3.6/site-packages/tensorflow/python/framework/tensor_util.py:507: DeprecationWarning: tostring() is deprecated. Use tobytes() instead.
  tensor_proto.tensor_content = nparray.tostring()
/home/hz/anaconda3/envs/py36/lib/python3.6/site-packages/tensorflow/python/framework/tensor_util.py:507: DeprecationWarning: tostring() is deprecated. Use tobytes() instead.
  tensor_proto.tensor_content = nparray.tostring()
/home/hz/anaconda3/envs/py36/lib/python3.6/site-packages/tensorflow/python/framework/tensor_util.py:507: DeprecationWarning: tostring() is deprecated. Use tobytes() instead.
  tensor_proto.tensor_content = nparray.tostring()
<string>:6: DeprecationWarning: Calling nonzero on 0d arrays is deprecated, as it behaves surprisingly. Use `atleast_1d(arr).nonzero()` if the old behavior was intended.
Configurations
===========================================
{'batch_size': 50,
 'bf_search_max': 400.0,
 'bf_search_min': -400.0,
 'bf_search_step_size': 1.0,
 'dataset': 'machine-3-3',
 'dense_dim': 500,
 'early_stop': True,
 'get_score_on_dim': True,
 'gradient_clip_norm': 10.0,
 'initial_lr': 0.001,
 'l2_reg': 0.0001,
 'level': 0.01,
 'lr_anneal_epoch_freq': 40,
 'lr_anneal_factor': 0.5,
 'lr_anneal_step_freq': None,
 'max_epoch': 1,
 'max_test_size': None,
 'max_train_size': None,
 'nf_layers': 20,
 'posterior_flow_type': 'nf',
 'restore_dir': None,
 'result_dir': 'result',
 'rnn_cell': 'GRU',
 'rnn_num_hidden': 500,
 'save_dir': 'model',
 'save_z': False,
 'std_epsilon': 0.0001,
 'test_batch_size': 50,
 'test_n_z': 1,
 'test_score_filename': 'test_score.pkl',
 'test_start': 0,
 'train_score_filename': 'train_score.pkl',
 'train_start': 0,
 'use_connected_z_p': True,
 'use_connected_z_q': True,
 'valid_step_freq': 100,
 'window_length': 100,
 'x_dim': 38,
 'z_dim': 3}

train start time:  2025-06-04 22:31:47
load data of: machine-3-3
train:  0 None
test:  0 None
Data normalized
Data normalized
train set shape:  (23703, 38)
test set shape:  (23703, 38)
test set label shape:  (23703,)
Trainable Parameters                                            (2,607,740 in total)
------------------------------------------------------------------------------------
model/q_z_given_x/rnn_q_z/rnn/gru_cell/gates/kernel             (538, 1000)  538,000
model/q_z_given_x/rnn_q_z/rnn/gru_cell/gates/bias               (1000,)        1,000
model/q_z_given_x/rnn_q_z/rnn/gru_cell/candidate/kernel         (538, 500)   269,000
model/q_z_given_x/rnn_q_z/rnn/gru_cell/candidate/bias           (500,)           500
model/q_z_given_x/rnn_q_z/dense/kernel                          (500, 500)   250,000
model/q_z_given_x/rnn_q_z/dense/bias                            (500,)           500
model/q_z_given_x/rnn_q_z/dense_1/kernel                        (500, 500)   250,000
model/q_z_given_x/rnn_q_z/dense_1/bias                          (500,)           500
model/vae/variational/z_mean/kernel                             (503, 3)       1,509
model/vae/variational/z_mean/bias                               (3,)               3
model/vae/variational/z_std/kernel                              (503, 3)       1,509
model/vae/variational/z_std/bias                                (3,)               3
model/posterior_flow/_0/w                                       (1, 3)             3
model/posterior_flow/_0/b                                       (1,)               1
model/posterior_flow/_0/u                                       (1, 3)             3
model/posterior_flow/_1/w                                       (1, 3)             3
model/posterior_flow/_1/b                                       (1,)               1
model/posterior_flow/_1/u                                       (1, 3)             3
model/posterior_flow/_2/w                                       (1, 3)             3
model/posterior_flow/_2/b                                       (1,)               1
model/posterior_flow/_2/u                                       (1, 3)             3
model/posterior_flow/_3/w                                       (1, 3)             3
model/posterior_flow/_3/b                                       (1,)               1
model/posterior_flow/_3/u                                       (1, 3)             3
model/posterior_flow/_4/w                                       (1, 3)             3
model/posterior_flow/_4/b                                       (1,)               1
model/posterior_flow/_4/u                                       (1, 3)             3
model/posterior_flow/_5/w                                       (1, 3)             3
model/posterior_flow/_5/b                                       (1,)               1
model/posterior_flow/_5/u                                       (1, 3)             3
model/posterior_flow/_6/w                                       (1, 3)             3
model/posterior_flow/_6/b                                       (1,)               1
model/posterior_flow/_6/u                                       (1, 3)             3
model/posterior_flow/_7/w                                       (1, 3)             3
model/posterior_flow/_7/b                                       (1,)               1
model/posterior_flow/_7/u                                       (1, 3)             3
model/posterior_flow/_8/w                                       (1, 3)             3
model/posterior_flow/_8/b                                       (1,)               1
model/posterior_flow/_8/u                                       (1, 3)             3
model/posterior_flow/_9/w                                       (1, 3)             3
model/posterior_flow/_9/b                                       (1,)               1
model/posterior_flow/_9/u                                       (1, 3)             3
model/posterior_flow/_10/w                                      (1, 3)             3
model/posterior_flow/_10/b                                      (1,)               1
model/posterior_flow/_10/u                                      (1, 3)             3
model/posterior_flow/_11/w                                      (1, 3)             3
model/posterior_flow/_11/b                                      (1,)               1
model/posterior_flow/_11/u                                      (1, 3)             3
model/posterior_flow/_12/w                                      (1, 3)             3
model/posterior_flow/_12/b                                      (1,)               1
model/posterior_flow/_12/u                                      (1, 3)             3
model/posterior_flow/_13/w                                      (1, 3)             3
model/posterior_flow/_13/b                                      (1,)               1
model/posterior_flow/_13/u                                      (1, 3)             3
model/posterior_flow/_14/w                                      (1, 3)             3
model/posterior_flow/_14/b                                      (1,)               1
model/posterior_flow/_14/u                                      (1, 3)             3
model/posterior_flow/_15/w                                      (1, 3)             3
model/posterior_flow/_15/b                                      (1,)               1
model/posterior_flow/_15/u                                      (1, 3)             3
model/posterior_flow/_16/w                                      (1, 3)             3
model/posterior_flow/_16/b                                      (1,)               1
model/posterior_flow/_16/u                                      (1, 3)             3
model/posterior_flow/_17/w                                      (1, 3)             3
model/posterior_flow/_17/b                                      (1,)               1
model/posterior_flow/_17/u                                      (1, 3)             3
model/posterior_flow/_18/w                                      (1, 3)             3
model/posterior_flow/_18/b                                      (1,)               1
model/posterior_flow/_18/u                                      (1, 3)             3
model/posterior_flow/_19/w                                      (1, 3)             3
model/posterior_flow/_19/b                                      (1,)               1
model/posterior_flow/_19/u                                      (1, 3)             3
model/p_x_given_z/hidden/rnn_p_x/rnn/gru_cell/gates/kernel      (503, 1000)  503,000
model/p_x_given_z/hidden/rnn_p_x/rnn/gru_cell/gates/bias        (1000,)        1,000
model/p_x_given_z/hidden/rnn_p_x/rnn/gru_cell/candidate/kernel  (503, 500)   251,500
model/p_x_given_z/hidden/rnn_p_x/rnn/gru_cell/candidate/bias    (500,)           500
model/p_x_given_z/hidden/rnn_p_x/dense/kernel                   (500, 500)   250,000
model/p_x_given_z/hidden/rnn_p_x/dense/bias                     (500,)           500
model/p_x_given_z/hidden/rnn_p_x/dense_1/kernel                 (500, 500)   250,000
model/p_x_given_z/hidden/rnn_p_x/dense_1/bias                   (500,)           500
model/p_x_given_z/x_mean/kernel                                 (500, 38)     19,000
model/p_x_given_z/x_mean/bias                                   (38,)             38
model/p_x_given_z/x_std/kernel                                  (500, 38)     19,000
model/p_x_given_z/x_std/bias                                    (38,)             38<string>:6: DeprecationWarning: Calling nonzero on 0d arrays is deprecated, as it behaves surprisingly. Use `atleast_1d(arr).nonzero()` if the old behavior was intended.
INFO:tensorflow:Restoring parameters from /tmp/tmpwamgbw4w/variables.dat-300
2025-06-04 22:38:04,495 [INFO] tensorflow: Restoring parameters from /tmp/tmpwamgbw4w/variables.dat-300
<string>:6: DeprecationWarning: Calling nonzero on 0d arrays is deprecated, as it behaves surprisingly. Use `atleast_1d(arr).nonzero()` if the old behavior was intended.
/home/hz/anaconda3/envs/py36/lib/python3.6/site-packages/tensorflow/python/framework/tensor_util.py:507: DeprecationWarning: tostring() is deprecated. Use tobytes() instead.
  tensor_proto.tensor_content = nparray.tostring()
/home/hz/anaconda3/envs/py36/lib/python3.6/site-packages/tensorflow/python/framework/tensor_util.py:507: DeprecationWarning: tostring() is deprecated. Use tobytes() instead.
  tensor_proto.tensor_content = nparray.tostring()
/home/hz/anaconda3/envs/py36/lib/python3.6/site-packages/tensorflow/python/framework/tensor_util.py:507: DeprecationWarning: tostring() is deprecated. Use tobytes() instead.
  tensor_proto.tensor_content = nparray.tostring()
/home/hz/anaconda3/envs/py36/lib/python3.6/site-packages/tensorflow/python/framework/tensor_util.py:507: DeprecationWarning: tostring() is deprecated. Use tobytes() instead.
  tensor_proto.tensor_content = nparray.tostring()
/home/hz/anaconda3/envs/py36/lib/python3.6/site-packages/tensorflow/python/framework/tensor_util.py:507: DeprecationWarning: tostring() is deprecated. Use tobytes() instead.
  tensor_proto.tensor_content = nparray.tostring()
/home/hz/anaconda3/envs/py36/lib/python3.6/site-packages/tensorflow/python/framework/tensor_util.py:507: DeprecationWarning: tostring() is deprecated. Use tobytes() instead.
  tensor_proto.tensor_content = nparray.tostring()
/home/hz/anaconda3/envs/py36/lib/python3.6/site-packages/tensorflow/python/framework/tensor_util.py:507: DeprecationWarning: tostring() is deprecated. Use tobytes() instead.
  tensor_proto.tensor_content = nparray.tostring()
/home/hz/anaconda3/envs/py36/lib/python3.6/site-packages/tensorflow/python/framework/tensor_util.py:507: DeprecationWarning: tostring() is deprecated. Use tobytes() instead.
  tensor_proto.tensor_content = nparray.tostring()
/home/hz/anaconda3/envs/py36/lib/python3.6/site-packages/tensorflow/python/framework/tensor_util.py:507: DeprecationWarning: tostring() is deprecated. Use tobytes() instead.
  tensor_proto.tensor_content = nparray.tostring()
/home/hz/anaconda3/envs/py36/lib/python3.6/site-packages/tensorflow/python/framework/tensor_util.py:507: DeprecationWarning: tostring() is deprecated. Use tobytes() instead.
  tensor_proto.tensor_content = nparray.tostring()
/home/hz/anaconda3/envs/py36/lib/python3.6/site-packages/tensorflow/python/framework/tensor_util.py:507: DeprecationWarning: tostring() is deprecated. Use tobytes() instead.
  tensor_proto.tensor_content = nparray.tostring()
/home/hz/anaconda3/envs/py36/lib/python3.6/site-packages/tensorflow/python/framework/tensor_util.py:507: DeprecationWarning: tostring() is deprecated. Use tobytes() instead.
  tensor_proto.tensor_content = nparray.tostring()
/home/hz/anaconda3/envs/py36/lib/python3.6/site-packages/tensorflow/python/framework/tensor_util.py:507: DeprecationWarning: tostring() is deprecated. Use tobytes() instead.
  tensor_proto.tensor_content = nparray.tostring()
/home/hz/anaconda3/envs/py36/lib/python3.6/site-packages/tensorflow/python/framework/tensor_util.py:507: DeprecationWarning: tostring() is deprecated. Use tobytes() instead.
  tensor_proto.tensor_content = nparray.tostring()
/home/hz/anaconda3/envs/py36/lib/python3.6/site-packages/tensorflow/python/framework/tensor_util.py:507: DeprecationWarning: tostring() is deprecated. Use tobytes() instead.
  tensor_proto.tensor_content = nparray.tostring()
/home/hz/anaconda3/envs/py36/lib/python3.6/site-packages/tensorflow/python/framework/tensor_util.py:507: DeprecationWarning: tostring() is deprecated. Use tobytes() instead.
  tensor_proto.tensor_content = nparray.tostring()
/home/hz/anaconda3/envs/py36/lib/python3.6/site-packages/tensorflow/python/framework/tensor_util.py:507: DeprecationWarning: tostring() is deprecated. Use tobytes() instead.
  tensor_proto.tensor_content = nparray.tostring()
/home/hz/anaconda3/envs/py36/lib/python3.6/site-packages/tensorflow/python/framework/tensor_util.py:507: DeprecationWarning: tostring() is deprecated. Use tobytes() instead.
  tensor_proto.tensor_content = nparray.tostring()
/home/hz/anaconda3/envs/py36/lib/python3.6/site-packages/tensorflow/python/framework/tensor_util.py:507: DeprecationWarning: tostring() is deprecated. Use tobytes() instead.
  tensor_proto.tensor_content = nparray.tostring()
/home/hz/anaconda3/envs/py36/lib/python3.6/site-packages/tensorflow/python/framework/tensor_util.py:507: DeprecationWarning: tostring() is deprecated. Use tobytes() instead.
  tensor_proto.tensor_content = nparray.tostring()
/home/hz/anaconda3/envs/py36/lib/python3.6/site-packages/tensorflow/python/framework/tensor_util.py:507: DeprecationWarning: tostring() is deprecated. Use tobytes() instead.
  tensor_proto.tensor_content = nparray.tostring()
/home/hz/anaconda3/envs/py36/lib/python3.6/site-packages/tensorflow/python/framework/tensor_util.py:507: DeprecationWarning: tostring() is deprecated. Use tobytes() instead.
  tensor_proto.tensor_content = nparray.tostring()
/home/hz/anaconda3/envs/py36/lib/python3.6/site-packages/tensorflow/python/framework/tensor_util.py:507: DeprecationWarning: tostring() is deprecated. Use tobytes() instead.
  tensor_proto.tensor_content = nparray.tostring()
/home/hz/anaconda3/envs/py36/lib/python3.6/site-packages/tensorflow/python/framework/tensor_util.py:507: DeprecationWarning: tostring() is deprecated. Use tobytes() instead.
  tensor_proto.tensor_content = nparray.tostring()
/home/hz/anaconda3/envs/py36/lib/python3.6/site-packages/tensorflow/python/framework/tensor_util.py:507: DeprecationWarning: tostring() is deprecated. Use tobytes() instead.
  tensor_proto.tensor_content = nparray.tostring()
/home/hz/anaconda3/envs/py36/lib/python3.6/site-packages/tensorflow/python/framework/tensor_util.py:507: DeprecationWarning: tostring() is deprecated. Use tobytes() instead.
  tensor_proto.tensor_content = nparray.tostring()
/home/hz/anaconda3/envs/py36/lib/python3.6/site-packages/tensorflow/python/framework/tensor_util.py:507: DeprecationWarning: tostring() is deprecated. Use tobytes() instead.
  tensor_proto.tensor_content = nparray.tostring()
/home/hz/anaconda3/envs/py36/lib/python3.6/site-packages/tensorflow/python/framework/tensor_util.py:507: DeprecationWarning: tostring() is deprecated. Use tobytes() instead.
  tensor_proto.tensor_content = nparray.tostring()
/home/hz/anaconda3/envs/py36/lib/python3.6/site-packages/tensorflow/python/framework/tensor_util.py:507: DeprecationWarning: tostring() is deprecated. Use tobytes() instead.
  tensor_proto.tensor_content = nparray.tostring()
/home/hz/anaconda3/envs/py36/lib/python3.6/site-packages/tensorflow/python/framework/tensor_util.py:507: DeprecationWarning: tostring() is deprecated. Use tobytes() instead.
  tensor_proto.tensor_content = nparray.tostring()
/home/hz/anaconda3/envs/py36/lib/python3.6/site-packages/tensorflow/python/framework/tensor_util.py:542: DeprecationWarning: np.asscalar(a) is deprecated since NumPy v1.16, use a.item() instead
  append_fn(tensor_proto, proto_values)
/home/hz/anaconda3/envs/py36/lib/python3.6/site-packages/tensorflow/python/framework/tensor_util.py:507: DeprecationWarning: tostring() is deprecated. Use tobytes() instead.
  tensor_proto.tensor_content = nparray.tostring()
/home/hz/anaconda3/envs/py36/lib/python3.6/site-packages/tensorflow/python/framework/tensor_util.py:542: DeprecationWarning: np.asscalar(a) is deprecated since NumPy v1.16, use a.item() instead
  append_fn(tensor_proto, proto_values)
/home/hz/anaconda3/envs/py36/lib/python3.6/site-packages/tensorflow/python/framework/tensor_util.py:507: DeprecationWarning: tostring() is deprecated. Use tobytes() instead.
  tensor_proto.tensor_content = nparray.tostring()
/home/hz/anaconda3/envs/py36/lib/python3.6/site-packages/tensorflow/python/framework/tensor_util.py:542: DeprecationWarning: np.asscalar(a) is deprecated since NumPy v1.16, use a.item() instead
  append_fn(tensor_proto, proto_values)
/home/hz/anaconda3/envs/py36/lib/python3.6/site-packages/tensorflow/python/framework/tensor_util.py:507: DeprecationWarning: tostring() is deprecated. Use tobytes() instead.
  tensor_proto.tensor_content = nparray.tostring()
/home/hz/anaconda3/envs/py36/lib/python3.6/site-packages/tensorflow/python/framework/tensor_util.py:542: DeprecationWarning: np.asscalar(a) is deprecated since NumPy v1.16, use a.item() instead
  append_fn(tensor_proto, proto_values)
/home/hz/anaconda3/envs/py36/lib/python3.6/site-packages/tensorflow/python/framework/tensor_util.py:507: DeprecationWarning: tostring() is deprecated. Use tobytes() instead.
  tensor_proto.tensor_content = nparray.tostring()
/home/hz/anaconda3/envs/py36/lib/python3.6/site-packages/tensorflow/python/framework/tensor_util.py:542: DeprecationWarning: np.asscalar(a) is deprecated since NumPy v1.16, use a.item() instead
  append_fn(tensor_proto, proto_values)
/home/hz/anaconda3/envs/py36/lib/python3.6/site-packages/tensorflow/python/framework/tensor_util.py:507: DeprecationWarning: tostring() is deprecated. Use tobytes() instead.
  tensor_proto.tensor_content = nparray.tostring()
/home/hz/anaconda3/envs/py36/lib/python3.6/site-packages/tensorflow/python/framework/tensor_util.py:542: DeprecationWarning: np.asscalar(a) is deprecated since NumPy v1.16, use a.item() instead
  append_fn(tensor_proto, proto_values)
/home/hz/anaconda3/envs/py36/lib/python3.6/site-packages/tensorflow/python/framework/tensor_util.py:507: DeprecationWarning: tostring() is deprecated. Use tobytes() instead.
  tensor_proto.tensor_content = nparray.tostring()
/home/hz/anaconda3/envs/py36/lib/python3.6/site-packages/tensorflow/python/framework/tensor_util.py:542: DeprecationWarning: np.asscalar(a) is deprecated since NumPy v1.16, use a.item() instead
  append_fn(tensor_proto, proto_values)
/home/hz/anaconda3/envs/py36/lib/python3.6/site-packages/tensorflow/python/framework/tensor_util.py:507: DeprecationWarning: tostring() is deprecated. Use tobytes() instead.
  tensor_proto.tensor_content = nparray.tostring()
/home/hz/anaconda3/envs/py36/lib/python3.6/site-packages/tensorflow/python/framework/tensor_util.py:542: DeprecationWarning: np.asscalar(a) is deprecated since NumPy v1.16, use a.item() instead
  append_fn(tensor_proto, proto_values)
/home/hz/anaconda3/envs/py36/lib/python3.6/site-packages/tensorflow/python/framework/tensor_util.py:507: DeprecationWarning: tostring() is deprecated. Use tobytes() instead.
  tensor_proto.tensor_content = nparray.tostring()
/home/hz/anaconda3/envs/py36/lib/python3.6/site-packages/tensorflow/python/framework/tensor_util.py:542: DeprecationWarning: np.asscalar(a) is deprecated since NumPy v1.16, use a.item() instead
  append_fn(tensor_proto, proto_values)
/home/hz/anaconda3/envs/py36/lib/python3.6/site-packages/tensorflow/python/framework/tensor_util.py:507: DeprecationWarning: tostring() is deprecated. Use tobytes() instead.
  tensor_proto.tensor_content = nparray.tostring()
/home/hz/anaconda3/envs/py36/lib/python3.6/site-packages/tensorflow/python/framework/tensor_util.py:542: DeprecationWarning: np.asscalar(a) is deprecated since NumPy v1.16, use a.item() instead
  append_fn(tensor_proto, proto_values)
/home/hz/anaconda3/envs/py36/lib/python3.6/site-packages/tensorflow/python/framework/tensor_util.py:507: DeprecationWarning: tostring() is deprecated. Use tobytes() instead.
  tensor_proto.tensor_content = nparray.tostring()
/home/hz/anaconda3/envs/py36/lib/python3.6/site-packages/tensorflow/python/framework/tensor_util.py:542: DeprecationWarning: np.asscalar(a) is deprecated since NumPy v1.16, use a.item() instead
  append_fn(tensor_proto, proto_values)
/home/hz/anaconda3/envs/py36/lib/python3.6/site-packages/tensorflow/python/framework/tensor_util.py:507: DeprecationWarning: tostring() is deprecated. Use tobytes() instead.
  tensor_proto.tensor_content = nparray.tostring()
/home/hz/anaconda3/envs/py36/lib/python3.6/site-packages/tensorflow/python/framework/tensor_util.py:542: DeprecationWarning: np.asscalar(a) is deprecated since NumPy v1.16, use a.item() instead
  append_fn(tensor_proto, proto_values)
/home/hz/anaconda3/envs/py36/lib/python3.6/site-packages/tensorflow/python/framework/tensor_util.py:507: DeprecationWarning: tostring() is deprecated. Use tobytes() instead.
  tensor_proto.tensor_content = nparray.tostring()
/home/hz/anaconda3/envs/py36/lib/python3.6/site-packages/tensorflow/python/framework/tensor_util.py:542: DeprecationWarning: np.asscalar(a) is deprecated since NumPy v1.16, use a.item() instead
  append_fn(tensor_proto, proto_values)
/home/hz/anaconda3/envs/py36/lib/python3.6/site-packages/tensorflow/python/framework/tensor_util.py:507: DeprecationWarning: tostring() is deprecated. Use tobytes() instead.
  tensor_proto.tensor_content = nparray.tostring()
/home/hz/anaconda3/envs/py36/lib/python3.6/site-packages/tensorflow/python/framework/tensor_util.py:542: DeprecationWarning: np.asscalar(a) is deprecated since NumPy v1.16, use a.item() instead
  append_fn(tensor_proto, proto_values)
/home/hz/anaconda3/envs/py36/lib/python3.6/site-packages/tensorflow/python/framework/tensor_util.py:507: DeprecationWarning: tostring() is deprecated. Use tobytes() instead.
  tensor_proto.tensor_content = nparray.tostring()
/home/hz/anaconda3/envs/py36/lib/python3.6/site-packages/tensorflow/python/framework/tensor_util.py:542: DeprecationWarning: np.asscalar(a) is deprecated since NumPy v1.16, use a.item() instead
  append_fn(tensor_proto, proto_values)
/home/hz/anaconda3/envs/py36/lib/python3.6/site-packages/tensorflow/python/framework/tensor_util.py:507: DeprecationWarning: tostring() is deprecated. Use tobytes() instead.
  tensor_proto.tensor_content = nparray.tostring()
/home/hz/anaconda3/envs/py36/lib/python3.6/site-packages/tensorflow/python/framework/tensor_util.py:542: DeprecationWarning: np.asscalar(a) is deprecated since NumPy v1.16, use a.item() instead
  append_fn(tensor_proto, proto_values)
/home/hz/anaconda3/envs/py36/lib/python3.6/site-packages/tensorflow/python/framework/tensor_util.py:507: DeprecationWarning: tostring() is deprecated. Use tobytes() instead.
  tensor_proto.tensor_content = nparray.tostring()
/home/hz/anaconda3/envs/py36/lib/python3.6/site-packages/tensorflow/python/framework/tensor_util.py:542: DeprecationWarning: np.asscalar(a) is deprecated since NumPy v1.16, use a.item() instead
  append_fn(tensor_proto, proto_values)
/home/hz/anaconda3/envs/py36/lib/python3.6/site-packages/tensorflow/python/framework/tensor_util.py:507: DeprecationWarning: tostring() is deprecated. Use tobytes() instead.
  tensor_proto.tensor_content = nparray.tostring()
/home/hz/anaconda3/envs/py36/lib/python3.6/site-packages/tensorflow/python/framework/tensor_util.py:542: DeprecationWarning: np.asscalar(a) is deprecated since NumPy v1.16, use a.item() instead
  append_fn(tensor_proto, proto_values)
/home/hz/anaconda3/envs/py36/lib/python3.6/site-packages/tensorflow/python/framework/tensor_util.py:507: DeprecationWarning: tostring() is deprecated. Use tobytes() instead.
  tensor_proto.tensor_content = nparray.tostring()
/home/hz/anaconda3/envs/py36/lib/python3.6/site-packages/tensorflow/python/framework/tensor_util.py:542: DeprecationWarning: np.asscalar(a) is deprecated since NumPy v1.16, use a.item() instead
  append_fn(tensor_proto, proto_values)
/home/hz/anaconda3/envs/py36/lib/python3.6/site-packages/tensorflow/python/framework/tensor_util.py:507: DeprecationWarning: tostring() is deprecated. Use tobytes() instead.
  tensor_proto.tensor_content = nparray.tostring()
/home/hz/anaconda3/envs/py36/lib/python3.6/site-packages/tensorflow/python/framework/tensor_util.py:542: DeprecationWarning: np.asscalar(a) is deprecated since NumPy v1.16, use a.item() instead
  append_fn(tensor_proto, proto_values)
/home/hz/anaconda3/envs/py36/lib/python3.6/site-packages/tensorflow/python/framework/tensor_util.py:542: DeprecationWarning: np.asscalar(a) is deprecated since NumPy v1.16, use a.item() instead
  append_fn(tensor_proto, proto_values)
/home/hz/anaconda3/envs/py36/lib/python3.6/site-packages/tensorflow/python/framework/tensor_util.py:507: DeprecationWarning: tostring() is deprecated. Use tobytes() instead.
  tensor_proto.tensor_content = nparray.tostring()
/home/hz/anaconda3/envs/py36/lib/python3.6/site-packages/tensorflow/python/framework/tensor_util.py:507: DeprecationWarning: tostring() is deprecated. Use tobytes() instead.
  tensor_proto.tensor_content = nparray.tostring()
/home/hz/anaconda3/envs/py36/lib/python3.6/site-packages/tensorflow/python/framework/tensor_util.py:507: DeprecationWarning: tostring() is deprecated. Use tobytes() instead.
  tensor_proto.tensor_content = nparray.tostring()
/home/hz/anaconda3/envs/py36/lib/python3.6/site-packages/tensorflow/python/framework/tensor_util.py:507: DeprecationWarning: tostring() is deprecated. Use tobytes() instead.
  tensor_proto.tensor_content = nparray.tostring()
/home/hz/anaconda3/envs/py36/lib/python3.6/site-packages/tensorflow/python/framework/tensor_util.py:507: DeprecationWarning: tostring() is deprecated. Use tobytes() instead.
  tensor_proto.tensor_content = nparray.tostring()
/home/hz/anaconda3/envs/py36/lib/python3.6/site-packages/tensorflow/python/framework/tensor_util.py:507: DeprecationWarning: tostring() is deprecated. Use tobytes() instead.
  tensor_proto.tensor_content = nparray.tostring()
/home/hz/anaconda3/envs/py36/lib/python3.6/site-packages/tensorflow/python/framework/tensor_util.py:507: DeprecationWarning: tostring() is deprecated. Use tobytes() instead.
  tensor_proto.tensor_content = nparray.tostring()
/home/hz/anaconda3/envs/py36/lib/python3.6/site-packages/tensorflow/python/framework/tensor_util.py:507: DeprecationWarning: tostring() is deprecated. Use tobytes() instead.
  tensor_proto.tensor_content = nparray.tostring()
/home/hz/anaconda3/envs/py36/lib/python3.6/site-packages/tensorflow/python/framework/tensor_util.py:507: DeprecationWarning: tostring() is deprecated. Use tobytes() instead.
  tensor_proto.tensor_content = nparray.tostring()
/home/hz/anaconda3/envs/py36/lib/python3.6/site-packages/tensorflow/python/framework/tensor_util.py:507: DeprecationWarning: tostring() is deprecated. Use tobytes() instead.
  tensor_proto.tensor_content = nparray.tostring()
/home/hz/anaconda3/envs/py36/lib/python3.6/site-packages/tensorflow/python/framework/tensor_util.py:507: DeprecationWarning: tostring() is deprecated. Use tobytes() instead.
  tensor_proto.tensor_content = nparray.tostring()
/home/hz/anaconda3/envs/py36/lib/python3.6/site-packages/tensorflow/python/framework/tensor_util.py:507: DeprecationWarning: tostring() is deprecated. Use tobytes() instead.
  tensor_proto.tensor_content = nparray.tostring()
/home/hz/anaconda3/envs/py36/lib/python3.6/site-packages/tensorflow/python/framework/tensor_util.py:507: DeprecationWarning: tostring() is deprecated. Use tobytes() instead.
  tensor_proto.tensor_content = nparray.tostring()
/home/hz/anaconda3/envs/py36/lib/python3.6/site-packages/tensorflow/python/framework/tensor_util.py:507: DeprecationWarning: tostring() is deprecated. Use tobytes() instead.
  tensor_proto.tensor_content = nparray.tostring()
/home/hz/anaconda3/envs/py36/lib/python3.6/site-packages/tensorflow/python/framework/tensor_util.py:507: DeprecationWarning: tostring() is deprecated. Use tobytes() instead.
  tensor_proto.tensor_content = nparray.tostring()
<string>:6: DeprecationWarning: Calling nonzero on 0d arrays is deprecated, as it behaves surprisingly. Use `atleast_1d(arr).nonzero()` if the old behavior was intended.
/home/hz/anaconda3/envs/py36/lib/python3.6/site-packages/scipy/optimize/lbfgsb.py:329: DeprecationWarning: tostring() is deprecated. Use tobytes() instead.
  task_str = task.tostring()
/home/hz/anaconda3/envs/py36/lib/python3.6/site-packages/scipy/optimize/lbfgsb.py:329: DeprecationWarning: tostring() is deprecated. Use tobytes() instead.
  task_str = task.tostring()
/home/hz/anaconda3/envs/py36/lib/python3.6/site-packages/scipy/optimize/lbfgsb.py:329: DeprecationWarning: tostring() is deprecated. Use tobytes() instead.
  task_str = task.tostring()
/home/hz/anaconda3/envs/py36/lib/python3.6/site-packages/scipy/optimize/lbfgsb.py:329: DeprecationWarning: tostring() is deprecated. Use tobytes() instead.
  task_str = task.tostring()
/home/hz/anaconda3/envs/py36/lib/python3.6/site-packages/scipy/optimize/lbfgsb.py:350: DeprecationWarning: tostring() is deprecated. Use tobytes() instead.
  task_str = task.tostring().strip(b'\x00').strip()
/home/hz/anaconda3/envs/py36/lib/python3.6/site-packages/scipy/optimize/lbfgsb.py:329: DeprecationWarning: tostring() is deprecated. Use tobytes() instead.
  task_str = task.tostring()
/home/hz/anaconda3/envs/py36/lib/python3.6/site-packages/scipy/optimize/lbfgsb.py:329: DeprecationWarning: tostring() is deprecated. Use tobytes() instead.
  task_str = task.tostring()
/home/hz/anaconda3/envs/py36/lib/python3.6/site-packages/scipy/optimize/lbfgsb.py:350: DeprecationWarning: tostring() is deprecated. Use tobytes() instead.
  task_str = task.tostring().strip(b'\x00').strip()
  0%|          | 0/23604 [00:00<?, ?it/s]100%|██████████| 23604/23604 [00:00<00:00, 1316205.58it/s]


train_values: (16593, 38)
[Step 100] step time: 1.275s (±5.281s); train time: 1m 16.22s; valid time: 51.39s; loss: -23.5715 (±16.8729); valid loss: -39.0307 (*)
[Step 200] step time: 1.07s (±4.742s); train time: 59.36s; valid time: 47.67s; loss: -40.0802 (±5.77246); valid loss: -42.4011 (*)
[Step 300] step time: 1.07s (±4.793s); train time: 58.88s; valid time: 48.17s; loss: -45.3406 (±2.87528); valid loss: -48.0917 (*)
train end time:  2025-06-04 22:38:04
train time:  377.17023634910583
test start time:  2025-06-04 22:38:04
------------------------------ testing ------------------------------
search range:  -400.0 400.0
cur thr:  -399.0 [0.529087774527353, 0.3597040389316788, 0.9999999841772155, 632.0, 21847.0, 1125.0, 0.0, 2.99998846158284] [0.529087774527353, 0.3597040389316788, 0.9999999841772155, 632.0, 21847.0, 1125.0, 0.0, 2.99998846158284] -399.0
cur thr:  -349.0 [0.45158635408780984, 0.2916474375097026, 0.9999999841772155, 632.0, 21437.0, 1535.0, 0.0, 2.8461428994503866] [0.529087774527353, 0.3597040389316788, 0.9999999841772155, 632.0, 21847.0, 1125.0, 0.0, 2.99998846158284] -399.0
cur thr:  -299.0 [0.3787802656332062, 0.23364140394217595, 0.9999999841772155, 632.0, 20899.0, 2073.0, 0.0, 2.5769131657185933] [0.529087774527353, 0.3597040389316788, 0.9999999841772155, 632.0, 21847.0, 1125.0, 0.0, 2.99998846158284] -399.0
cur thr:  -249.0 [0.3085158173679306, 0.1823953818689888, 0.9999999841772155, 632.0, 20139.0, 2833.0, 0.0, 2.1538378698543466] [0.529087774527353, 0.3597040389316788, 0.9999999841772155, 632.0, 21847.0, 1125.0, 0.0, 2.99998846158284] -399.0
cur thr:  -199.0 [0.24228270778071576, 0.13784078486839524, 0.9999999841772155, 632.0, 19019.0, 3953.0, 0.0, 0.6153822485298134] [0.529087774527353, 0.3597040389316788, 0.9999999841772155, 632.0, 21847.0, 1125.0, 0.0, 2.99998846158284] -399.0
cur thr:  -149.0 [0.1885705725956924, 0.10410146581436096, 0.9999999841772155, 632.0, 17533.0, 5439.0, 0.0, 0.46153668639736] [0.529087774527353, 0.3597040389316788, 0.9999999841772155, 632.0, 21847.0, 1125.0, 0.0, 2.99998846158284] -399.0
cur thr:  -99.0 [0.1463118742773225, 0.07893093533292003, 0.9999999841772155, 632.0, 15597.0, 7375.0, 0.0, 0.4230752958642467] [0.529087774527353, 0.3597040389316788, 0.9999999841772155, 632.0, 21847.0, 1125.0, 0.0, 2.99998846158284] -399.0
cur thr:  -49.0 [0.11261476029865412, 0.059667673659679316, 0.9999999841772155, 632.0, 13012.0, 9960.0, 0.0, 0.23076834319868] [0.529087774527353, 0.3597040389316788, 0.9999999841772155, 632.0, 21847.0, 1125.0, 0.0, 2.99998846158284] -399.0
cur thr:  1.0 [0.08328311819230393, 0.043451357825059225, 0.9999999841772155, 632.0, 9059.0, 13913.0, 0.0, 0.0] [0.529087774527353, 0.3597040389316788, 0.9999999841772155, 632.0, 21847.0, 1125.0, 0.0, 2.99998846158284] -399.0
cur thr:  51.0 [0.05363152146984917, 0.027554935460605626, 0.9999999841772155, 632.0, 668.0, 22304.0, 0.0, 0.0] [0.529087774527353, 0.3597040389316788, 0.9999999841772155, 632.0, 21847.0, 1125.0, 0.0, 2.99998846158284] -399.0
cur thr:  101.0 [0.05215331278630069, 0.026775122849188645, 0.9999999841772155, 632.0, 0.0, 22972.0, 0.0, 0.0] [0.529087774527353, 0.3597040389316788, 0.9999999841772155, 632.0, 21847.0, 1125.0, 0.0, 2.99998846158284] -399.0
cur thr:  151.0 [0.05215331278630069, 0.026775122849188645, 0.9999999841772155, 632.0, 0.0, 22972.0, 0.0, 0.0] [0.529087774527353, 0.3597040389316788, 0.9999999841772155, 632.0, 21847.0, 1125.0, 0.0, 2.99998846158284] -399.0
cur thr:  201.0 [0.05215331278630069, 0.026775122849188645, 0.9999999841772155, 632.0, 0.0, 22972.0, 0.0, 0.0] [0.529087774527353, 0.3597040389316788, 0.9999999841772155, 632.0, 21847.0, 1125.0, 0.0, 2.99998846158284] -399.0
cur thr:  251.0 [0.05215331278630069, 0.026775122849188645, 0.9999999841772155, 632.0, 0.0, 22972.0, 0.0, 0.0] [0.529087774527353, 0.3597040389316788, 0.9999999841772155, 632.0, 21847.0, 1125.0, 0.0, 2.99998846158284] -399.0
cur thr:  301.0 [0.05215331278630069, 0.026775122849188645, 0.9999999841772155, 632.0, 0.0, 22972.0, 0.0, 0.0] [0.529087774527353, 0.3597040389316788, 0.9999999841772155, 632.0, 21847.0, 1125.0, 0.0, 2.99998846158284] -399.0
cur thr:  351.0 [0.05215331278630069, 0.026775122849188645, 0.9999999841772155, 632.0, 0.0, 22972.0, 0.0, 0.0] [0.529087774527353, 0.3597040389316788, 0.9999999841772155, 632.0, 21847.0, 1125.0, 0.0, 2.99998846158284] -399.0
[0.529087774527353, 0.3597040389316788, 0.9999999841772155, 632.0, 21847.0, 1125.0, 0.0, 2.99998846158284] -399.0
Initial threshold : 15.297443
Number of peaks : 236
Grimshaw maximum log-likelihood estimation ... [done]
	γ = 0
	σ = 206.45403
	L = 1493.898348926583
Extreme quantile (probability = 0.001): 490.6404151193163
12817
23604
POT result:  (0.09146739535169165, 0.047925987678830675, 0.9999999841772155, 632.0, 10417.0, 12555.0, 0.0) -15.2974415 0.0
y_true_root_causes shape: ()
y_pred shape: (23604,)
anomaly_scores shape: (23604,)
feature_scores shape: (23604, 38)
y_test shape: (23604,)
Root Cause HitRate@100%: 1.0
Segment-level confusion (sum over all abnormal segments): {'TP': 1, 'TN': 263, 'FP': 17, 'FN': 385}
test end time:  2025-06-04 22:43:30
test time:  325.7567708492279
==============================result==============================
{'FN': 0.0,
 'FP': 1125.0,
 'TN': 21847.0,
 'TP': 632.0,
 'best-f1': 0.529087774527353,
 'best_valid_loss': -48.09170118818065,
 'latency': 2.99998846158284,
 'pot-FN': 0.0,
 'pot-FP': 12555.0,
 'pot-TN': 10417.0,
 'pot-TP': 632.0,
 'pot-f1': 0.09146739535169165,
 'pot-latency': 0.0,
 'pot-precision': 0.047925987678830675,
 'pot-recall': 0.9999999841772155,
 'pot-threshold': -15.2974415,
 'precision': 0.3597040389316788,
 'pred_time': 0.3326292547060622,
 'pred_total_time': 157.64359784126282,
 'recall': 0.9999999841772155,
 'root_cause_hitrate@100%': 1.0,
 'segment_FN': 385,
 'segment_FP': 17,
 'segment_TN': 263,
 'segment_TP': 1,
 'threshold': -399.0,
 'train_time': 361.79756593704224,
 'valid_time': 0.3374223641469969}
